href,disease_type,keyword
https://bookinghealth.ru/clinics/treatment/obstetrics/germany,"
            Акушерство
            ","Остатки
                        эмбриональных тканей и плодных оболочек"
https://bookinghealth.ru/clinics/treatment/obstetrics/germany,"
            Акушерство
            ",Рождение ребенка (Роды)
https://bookinghealth.ru/clinics/treatment/allergology/germany,Аллергология ,"Аллергический дерматит
                        (экзема)"
https://bookinghealth.ru/clinics/treatment/Gamma-knife/germany,Гамма нож ,"Артерио-венозные
                        мальформации (АВМ)"
https://bookinghealth.ru/clinics/treatment/Gamma-knife/germany,Гамма нож ,Герминома головного мозга
https://bookinghealth.ru/clinics/treatment/Gamma-knife/germany,Гамма нож ,"Доброкачественная опухоль
                        мозга"
https://bookinghealth.ru/clinics/treatment/Gamma-knife/germany,Гамма нож ,Невринома спинного мозга
https://bookinghealth.ru/clinics/treatment/Gamma-knife/germany,Гамма нож ,Сосудистые образования
https://bookinghealth.ru/clinics/treatment/Gamma-knife/germany,Гамма нож ,"Ювенильная
                        назофарингеальная ангиофиброма"
https://bookinghealth.ru/clinics/treatment/gastroenterology/germany,Гастроэнтерология ,Болезнь Крона
https://bookinghealth.ru/clinics/treatment/gastroenterology/germany,Гастроэнтерология ,"Воспаление желчевыводящего
                        протока"
https://bookinghealth.ru/clinics/treatment/gastroenterology/germany,Гастроэнтерология ,Гастрит
https://bookinghealth.ru/clinics/treatment/gastroenterology/germany,Гастроэнтерология ,Дивертикулит
https://bookinghealth.ru/clinics/treatment/gastroenterology/germany,Гастроэнтерология ,Дуоденит
https://bookinghealth.ru/clinics/treatment/gastroenterology/germany,Гастроэнтерология ,"Камни желчных протоков
                        (холангиолитиаз)"
https://bookinghealth.ru/clinics/treatment/gastroenterology/germany,Гастроэнтерология ,Метастазы в печень
https://bookinghealth.ru/clinics/treatment/gastroenterology/germany,Гастроэнтерология ,Окклюзия желчного протока
https://bookinghealth.ru/clinics/treatment/gastroenterology/germany,Гастроэнтерология ,Полипы желудка
https://bookinghealth.ru/clinics/treatment/gastroenterology/germany,Гастроэнтерология ,"Псевдокиста поджелудочной
                        железы"
https://bookinghealth.ru/clinics/treatment/gastroenterology/germany,Гастроэнтерология ,"Рак (карциноид)
                        тонкого кишечника со стенозом"
https://bookinghealth.ru/clinics/treatment/gastroenterology/germany,Гастроэнтерология ,"Рак
                        желчных протоков (Холангиокарцинома)"
https://bookinghealth.ru/clinics/treatment/gastroenterology/germany,Гастроэнтерология ,Рак пищевода
https://bookinghealth.ru/clinics/treatment/gastroenterology/germany,Гастроэнтерология ,Рак поджелудочной железы
https://bookinghealth.ru/clinics/treatment/gastroenterology/germany,Гастроэнтерология ,Рак прямой кишки
https://bookinghealth.ru/clinics/treatment/gastroenterology/germany,Гастроэнтерология ,"Синдром Золлингера —
                        Эллисона"
https://bookinghealth.ru/clinics/treatment/gastroenterology/germany,Гастроэнтерология ,Стеноз двенадцатиперстной кишки
https://bookinghealth.ru/clinics/treatment/gastroenterology/germany,Гастроэнтерология ,Стеноз пищевода
https://bookinghealth.ru/clinics/treatment/gastroenterology/germany,Гастроэнтерология ,Фиброз печени
https://bookinghealth.ru/clinics/treatment/gastroenterology/germany,Гастроэнтерология ,Фистула желчного протока
https://bookinghealth.ru/clinics/treatment/gastroenterology/germany,Гастроэнтерология ,Хронический панкреатит
https://bookinghealth.ru/clinics/treatment/gastroenterology/germany,Гастроэнтерология ,Цирроз печени
https://bookinghealth.ru/clinics/treatment/gastroenterology/germany,Гастроэнтерология ,Эзофагит
https://bookinghealth.ru/clinics/treatment/gastroenterology/germany,Гастроэнтерология ,Язва двенадцатиперстной кишки
https://bookinghealth.ru/clinics/treatment/gastroenterology/germany,Гастроэнтерология ,Язва желудка
https://bookinghealth.ru/clinics/treatment/gastroenterology/germany,Гастроэнтерология ,Язва пищевода
https://bookinghealth.ru/clinics/treatment/gastroenterology/germany,Гастроэнтерология ,Язвенный колит
https://bookinghealth.ru/clinics/treatment/hematology/germany,Гематология ,"Агрессивная Т клеточная
                        лимфома"
https://bookinghealth.ru/clinics/treatment/hematology/germany,Гематология ,Апластическая анемия
https://bookinghealth.ru/clinics/treatment/hematology/germany,Гематология ,"Болезнь Верльгофа
                        (тромбоцитопеническая пурпура)"
https://bookinghealth.ru/clinics/treatment/hematology/germany,Гематология ,Болезнь Виллебранда
https://bookinghealth.ru/clinics/treatment/hematology/germany,Гематология ,Волосатоклеточный лейкоз
https://bookinghealth.ru/clinics/treatment/hematology/germany,Гематология ,Гемофилия a b с
https://bookinghealth.ru/clinics/treatment/hematology/germany,Гематология ,Гемохроматоз
https://bookinghealth.ru/clinics/treatment/hematology/germany,Гематология ,"Лимфома
                        Беркитта"
https://bookinghealth.ru/clinics/treatment/hematology/germany,Гематология ,"Миелодиспластический синдром
                        (МДС)"
https://bookinghealth.ru/clinics/treatment/hematology/germany,Гематология ,"Миеломная болезнь (множественная
                        миелома, плазмоцитома)"
https://bookinghealth.ru/clinics/treatment/hematology/germany,Гематология ,Миелофиброз
https://bookinghealth.ru/clinics/treatment/hematology/germany,Гематология ,Неходжкинская лимфома (НХЛ)
https://bookinghealth.ru/clinics/treatment/hematology/germany,Гематология ,"Острый лимфобластный
                        лейкоз (ОЛЛ)"
https://bookinghealth.ru/clinics/treatment/hematology/germany,Гематология ,"Острый миелобластный лейкоз
                        (ОМЛ)"
https://bookinghealth.ru/clinics/treatment/hematology/germany,Гематология ,Панцитопения
https://bookinghealth.ru/clinics/treatment/hematology/germany,Гематология ,Полицитемия вера
https://bookinghealth.ru/clinics/treatment/hematology/germany,Гематология ,"Пурпура Шенлейна–Геноха
                        (геморрагический васкулит)"
https://bookinghealth.ru/clinics/treatment/hematology/germany,Гематология ,Сфероцитоз
https://bookinghealth.ru/clinics/treatment/hematology/germany,Гематология ,Т клеточная лимфома
https://bookinghealth.ru/clinics/treatment/hematology/germany,Гематология ,Талассемия
https://bookinghealth.ru/clinics/treatment/hematology/germany,Гематология ,"Ходжкинская лимфома
                        (лимфогранулематоз)"
https://bookinghealth.ru/clinics/treatment/hematology/germany,Гематология ,"Хронический
                        лимфобластный лейкоз"
https://bookinghealth.ru/clinics/treatment/hematology/germany,Гематология ,"Хронический миелоидный
                        лейкоз"
https://bookinghealth.ru/clinics/treatment/gynecology/germany,Гинекология ,Абсцесс бартолиновой железы
https://bookinghealth.ru/clinics/treatment/gynecology/germany,Гинекология ,Абсцесс дугласова пространства
https://bookinghealth.ru/clinics/treatment/gynecology/germany,Гинекология ,Атрофия вульвы
https://bookinghealth.ru/clinics/treatment/gynecology/germany,Гинекология ,Влагалищно-пузырный свищ
https://bookinghealth.ru/clinics/treatment/gynecology/germany,Гинекология ,"Внутриматочные
                        синехии (синдром Ашермана)"
https://bookinghealth.ru/clinics/treatment/gynecology/germany,Гинекология ,"Гиперплазия
                        эндометрия"
https://bookinghealth.ru/clinics/treatment/gynecology/germany,Гинекология ,"Деформация наружных
                        половых органов"
https://bookinghealth.ru/clinics/treatment/gynecology/germany,Гинекология ,"Дисгерминома
                        яичников"
https://bookinghealth.ru/clinics/treatment/gynecology/germany,Гинекология ,Доброкачественная опухоль вульвы
https://bookinghealth.ru/clinics/treatment/gynecology/germany,Гинекология ,"Доброкачественные опухоли
                        яичников"
https://bookinghealth.ru/clinics/treatment/gynecology/germany,Гинекология ,Злокачественная тератома яичников
https://bookinghealth.ru/clinics/treatment/gynecology/germany,Гинекология ,"Интраэпителиальная
                        неоплазия вульвы"
https://bookinghealth.ru/clinics/treatment/gynecology/germany,Гинекология ,Киста бартолиновой железы
https://bookinghealth.ru/clinics/treatment/gynecology/germany,Гинекология ,Киста яичника
https://bookinghealth.ru/clinics/treatment/gynecology/germany,Гинекология ,Кондилома вульвы
https://bookinghealth.ru/clinics/treatment/gynecology/germany,Гинекология ,Миома матки
https://bookinghealth.ru/clinics/treatment/gynecology/germany,Гинекология ,"Недержание
                        мочи при опущении органов тазового дна"
https://bookinghealth.ru/clinics/treatment/gynecology/germany,Гинекология ,Опухоль Бреннера
https://bookinghealth.ru/clinics/treatment/gynecology/germany,Гинекология ,"Опухоль желточного мешка
                        яичника"
https://bookinghealth.ru/clinics/treatment/gynecology/germany,Гинекология ,"Пограничные
                        эпителиальные опухоли яичников"
https://bookinghealth.ru/clinics/treatment/gynecology/germany,Гинекология ,Полиэмбриома яичников
https://bookinghealth.ru/clinics/treatment/gynecology/germany,Гинекология ,"Пролапс (опущение, выпадение) матки"
https://bookinghealth.ru/clinics/treatment/gynecology/germany,Гинекология ,Прямокишечно-влагалищный свищ
https://bookinghealth.ru/clinics/treatment/gynecology/germany,Гинекология ,Рак вульвы
https://bookinghealth.ru/clinics/treatment/gynecology/germany,Гинекология ,Рак шейки матки
https://bookinghealth.ru/clinics/treatment/gynecology/germany,Гинекология ,"Рак эндометрия (рак
                        матки)"
https://bookinghealth.ru/clinics/treatment/gynecology/germany,Гинекология ,Рак яичника
https://bookinghealth.ru/clinics/treatment/gynecology/germany,Гинекология ,"Синдром
                        Майера-Рокитанского-Кюстера-Хаузера"
https://bookinghealth.ru/clinics/treatment/gynecology/germany,Гинекология ,Уретровагинальный свищ
https://bookinghealth.ru/clinics/treatment/gynecology/germany,Гинекология ,Хориокарцинома
https://bookinghealth.ru/clinics/treatment/gynecology/germany,Гинекология ,Хронический параметрит
https://bookinghealth.ru/clinics/treatment/gynecology/germany,Гинекология ,Цистоцеле и ректоцеле
https://bookinghealth.ru/clinics/treatment/gynecology/germany,Гинекология ,Эндометриоз
https://bookinghealth.ru/clinics/treatment/gynecology/germany,Гинекология ,"Эндометриоидная
                        киста яичника"
https://bookinghealth.ru/clinics/treatment/dermatology/germany,Дерматология ,Акне
https://bookinghealth.ru/clinics/treatment/dermatology/germany,Дерматология ,Базалиома
https://bookinghealth.ru/clinics/treatment/dermatology/germany,Дерматология ,Витилиго
https://bookinghealth.ru/clinics/treatment/dermatology/germany,Дерматология ,Контактный дерматит
https://bookinghealth.ru/clinics/treatment/dermatology/germany,Дерматология ,Липоматоз кожных отделов
https://bookinghealth.ru/clinics/treatment/dermatology/germany,Дерматология ,Меланома
https://bookinghealth.ru/clinics/treatment/dermatology/germany,Дерматология ,Нейродермит
https://bookinghealth.ru/clinics/treatment/dermatology/germany,Дерматология ,Опоясывающий лишай
https://bookinghealth.ru/clinics/treatment/dermatology/germany,Дерматология ,Псориаз
https://bookinghealth.ru/clinics/treatment/dermatology/germany,Дерматология ,Рак кожи
https://bookinghealth.ru/clinics/treatment/infectiology/germany,Инфекционные болезни ,СПИД (ВИЧ инфекция)
https://bookinghealth.ru/clinics/treatment/cardiology/germany,Кардиология ,"Атриовентрикулярная
                        блокада"
https://bookinghealth.ru/clinics/treatment/cardiology/germany,Кардиология ,"Атриовентрикулярная
                        узловая тахикардия"
https://bookinghealth.ru/clinics/treatment/cardiology/germany,Кардиология ,"Блокада левой ножки пучка
                        Гиса (БЛНПГ)"
https://bookinghealth.ru/clinics/treatment/cardiology/germany,Кардиология ,Брадикардия
https://bookinghealth.ru/clinics/treatment/cardiology/germany,Кардиология ,"Врожденные и
                        приобретенные пороки сердца"
https://bookinghealth.ru/clinics/treatment/cardiology/germany,Кардиология ,"Дефект межжелудочковой
                        перегородки"
https://bookinghealth.ru/clinics/treatment/cardiology/germany,Кардиология ,"Дефект межпредсердной
                        перегородки"
https://bookinghealth.ru/clinics/treatment/cardiology/germany,Кардиология ,"Дилатационная и
                        ишемическая кардиомиопатия"
https://bookinghealth.ru/clinics/treatment/cardiology/germany,Кардиология ,"ИБС, стенокардия"
https://bookinghealth.ru/clinics/treatment/cardiology/germany,Кардиология ,Инфаркт миокарда
https://bookinghealth.ru/clinics/treatment/cardiology/germany,Кардиология ,Коарктация аорты
https://bookinghealth.ru/clinics/treatment/cardiology/germany,Кардиология ,Коронарная недостаточность
https://bookinghealth.ru/clinics/treatment/cardiology/germany,Кардиология ,"Мерцание (трепетание)
                        предсердий"
https://bookinghealth.ru/clinics/treatment/cardiology/germany,Кардиология ,Миокардит
https://bookinghealth.ru/clinics/treatment/cardiology/germany,Кардиология ,Перикардит
https://bookinghealth.ru/clinics/treatment/cardiology/germany,Кардиология ,Пульмональная гипертония
https://bookinghealth.ru/clinics/treatment/cardiology/germany,Кардиология ,"Пульмональная
                        гипертония с острой сердечной недостаточностью"
https://bookinghealth.ru/clinics/treatment/cardiology/germany,Кардиология ,Сердечная недостаточность
https://bookinghealth.ru/clinics/treatment/cardiology/germany,Кардиология ,"Синдром
                        Вольфа-Паркинсона-Уайта (синдром преждевременного возбуждения желудочков)"
https://bookinghealth.ru/clinics/treatment/cardiology/germany,Кардиология ,"Синдром
                        Морганьи-Адам-Стокса (МАС) при брадиаритмии"
https://bookinghealth.ru/clinics/treatment/cardiology/germany,Кардиология ,Синдром каротидного синуса
https://bookinghealth.ru/clinics/treatment/cardiology/germany,Кардиология ,"Синдром слабости синусового узла
                        (СССУ)"
https://bookinghealth.ru/clinics/treatment/cardiology/germany,Кардиология ,Синдром удлиненного интервала qt
https://bookinghealth.ru/clinics/treatment/cardiology/germany,Кардиология ,Стеноз аортального клапана
https://bookinghealth.ru/clinics/treatment/cardiology/germany,Кардиология ,"Стеноз клапана лёгочной
                        артерии"
https://bookinghealth.ru/clinics/treatment/cardiology/germany,Кардиология ,Стеноз митрального клапана
https://bookinghealth.ru/clinics/treatment/cardiology/germany,Кардиология ,Трепетание желудочков
https://bookinghealth.ru/clinics/treatment/cardiology/germany,Кардиология ,Эндокардит
https://bookinghealth.ru/clinics/treatment/cardiology/germany,Кардиология ,Эссециальная гипертония
https://bookinghealth.ru/clinics/treatment/cardiosurgery/germany,Кардиохирургия ,Аневризма левого желудочка
https://bookinghealth.ru/clinics/treatment/cardiosurgery/germany,Кардиохирургия ,"Аномальный
                        дренаж легочных вен (полный)"
https://bookinghealth.ru/clinics/treatment/cardiosurgery/germany,Кардиохирургия ,"Врожденные и
                        приобретенные пороки сердца"
https://bookinghealth.ru/clinics/treatment/cardiosurgery/germany,Кардиохирургия ,"Дефект межжелудочковой
                        перегородки"
https://bookinghealth.ru/clinics/treatment/cardiosurgery/germany,Кардиохирургия ,"Дефект межпредсердной
                        перегородки"
https://bookinghealth.ru/clinics/treatment/cardiosurgery/germany,Кардиохирургия ,"Дефект
                        межпредсердной перегородки после инфаркта миокарда"
https://bookinghealth.ru/clinics/treatment/cardiosurgery/germany,Кардиохирургия ,"ИБС, стенокардия"
https://bookinghealth.ru/clinics/treatment/cardiosurgery/germany,Кардиохирургия ,Инфаркт миокарда
https://bookinghealth.ru/clinics/treatment/cardiosurgery/germany,Кардиохирургия ,Коарктация аорты
https://bookinghealth.ru/clinics/treatment/cardiosurgery/germany,Кардиохирургия ,"Мерцание (трепетание)
                        предсердий"
https://bookinghealth.ru/clinics/treatment/cardiosurgery/germany,Кардиохирургия ,"Недостаточность
                        аортального клапана"
https://bookinghealth.ru/clinics/treatment/cardiosurgery/germany,Кардиохирургия ,"Недостаточность клапана
                        лёгочной артерии"
https://bookinghealth.ru/clinics/treatment/cardiosurgery/germany,Кардиохирургия ,"Недостаточность
                        митрального клапана"
https://bookinghealth.ru/clinics/treatment/cardiosurgery/germany,Кардиохирургия ,"Недостаточность трехстворчатого
                        (трикуспидального) клапана"
https://bookinghealth.ru/clinics/treatment/cardiosurgery/germany,Кардиохирургия ,"Порок
                        антриовентрикулярного клапана"
https://bookinghealth.ru/clinics/treatment/cardiosurgery/germany,Кардиохирургия ,"Синдром
                        Вольфа-Паркинсона-Уайта (синдром преждевременного возбуждения желудочков)"
https://bookinghealth.ru/clinics/treatment/cardiosurgery/germany,Кардиохирургия ,Стеноз аортального клапана
https://bookinghealth.ru/clinics/treatment/cardiosurgery/germany,Кардиохирургия ,"Стеноз клапана лёгочной
                        артерии"
https://bookinghealth.ru/clinics/treatment/cardiosurgery/germany,Кардиохирургия ,Стеноз митрального клапана
https://bookinghealth.ru/clinics/treatment/cardiosurgery/germany,Кардиохирургия ,"Стеноз трехстворчатого
                        (трикуспидального) клапана"
https://bookinghealth.ru/clinics/treatment/cardiosurgery/germany,Кардиохирургия ,Тетрада Фалло
https://bookinghealth.ru/clinics/treatment/cyber-knife-/germany,Кибер нож ,Герминома головного мозга
https://bookinghealth.ru/clinics/treatment/cyber-knife-/germany,Кибер нож ,Злокачественный рак (опухоль)
https://bookinghealth.ru/clinics/treatment/radiotherapy/germany,Лучевая терапия ,Астроцитома головного мозга
https://bookinghealth.ru/clinics/treatment/radiotherapy/germany,Лучевая терапия ,"Дисгерминома
                        яичников"
https://bookinghealth.ru/clinics/treatment/radiotherapy/germany,Лучевая терапия ,"Злокачественная опухоль
                        средостения"
https://bookinghealth.ru/clinics/treatment/radiotherapy/germany,Лучевая терапия ,Менингиома головного мозга
https://bookinghealth.ru/clinics/treatment/radiotherapy/germany,Лучевая терапия ,"Нейробластома
                        (ганглионейробластома)"
https://bookinghealth.ru/clinics/treatment/radiotherapy/germany,Лучевая терапия ,"Нефробластома (опухоль
                        Вильмса)"
https://bookinghealth.ru/clinics/treatment/radiotherapy/germany,Лучевая терапия ,Неходжкинская лимфома (НХЛ)
https://bookinghealth.ru/clinics/treatment/radiotherapy/germany,Лучевая терапия ,"Острый лимфобластный
                        лейкоз (ОЛЛ)"
https://bookinghealth.ru/clinics/treatment/radiotherapy/germany,Лучевая терапия ,"Острый миелобластный лейкоз
                        (ОМЛ)"
https://bookinghealth.ru/clinics/treatment/radiotherapy/germany,Лучевая терапия ,"Рабдомиосаркома
                        орбиты"
https://bookinghealth.ru/clinics/treatment/radiotherapy/germany,Лучевая терапия ,Рак гортани
https://bookinghealth.ru/clinics/treatment/radiotherapy/germany,Лучевая терапия ,Рак лёгкого
https://bookinghealth.ru/clinics/treatment/radiotherapy/germany,Лучевая терапия ,Рак молочной железы (Рак груди)
https://bookinghealth.ru/clinics/treatment/radiotherapy/germany,Лучевая терапия ,"Рак надпочечника (рак коры
                        надпочечника)"
https://bookinghealth.ru/clinics/treatment/radiotherapy/germany,Лучевая терапия ,Рак пищевода
https://bookinghealth.ru/clinics/treatment/radiotherapy/germany,Лучевая терапия ,"Рак предстательной железы (рак
                        простаты)"
https://bookinghealth.ru/clinics/treatment/radiotherapy/germany,Лучевая терапия ,Рак трахеи
https://bookinghealth.ru/clinics/treatment/radiotherapy/germany,Лучевая терапия ,Ретинобластома
https://bookinghealth.ru/clinics/treatment/radiotherapy/germany,Лучевая терапия ,Саркома мягких тканей
https://bookinghealth.ru/clinics/treatment/radiotherapy/germany,Лучевая терапия ,"Светлоклеточная саркома
                        почки"
https://bookinghealth.ru/clinics/treatment/radiotherapy/germany,Лучевая терапия ,Семинома
https://bookinghealth.ru/clinics/treatment/radiotherapy/germany,Лучевая терапия ,Фибросаркома детей
https://bookinghealth.ru/clinics/treatment/radiotherapy/germany,Лучевая терапия ,"Ходжкинская лимфома
                        (лимфогранулематоз)"
https://bookinghealth.ru/clinics/treatment/radiotherapy/germany,Лучевая терапия ,Эпендимобластома
https://bookinghealth.ru/clinics/treatment/radiotherapy/germany,Лучевая терапия ,Эпендимома
https://bookinghealth.ru/clinics/treatment/radiotherapy/germany,Лучевая терапия ,Эпиндимома
https://bookinghealth.ru/clinics/treatment/radiotherapy/germany,Лучевая терапия ,"Ювенильная
                        назофарингеальная ангиофиброма"
https://bookinghealth.ru/clinics/treatment/mammalogy/germany,Маммология ,Абсцесс молочный железы
https://bookinghealth.ru/clinics/treatment/mammalogy/germany,Маммология ,"Гипоплазия (атрофия) молочной
                        железы"
https://bookinghealth.ru/clinics/treatment/mammalogy/germany,Маммология ,"Гипоплазия (недоразвитие) молочной
                        железы"
https://bookinghealth.ru/clinics/treatment/mammalogy/germany,Маммология ,Киста молочной железы
https://bookinghealth.ru/clinics/treatment/mammalogy/germany,Маммология ,"Мастопатия молочной
                        железы"
https://bookinghealth.ru/clinics/treatment/mammalogy/germany,Маммология ,"Микрокальцинаты молочных
                        желез"
https://bookinghealth.ru/clinics/treatment/mammalogy/germany,Маммология ,"Некроз жировой ткани молочной
                        железы"
https://bookinghealth.ru/clinics/treatment/mammalogy/germany,Маммология ,Опухоль молочной железы
https://bookinghealth.ru/clinics/treatment/mammalogy/germany,Маммология ,Рак молочной железы (Рак груди)
https://bookinghealth.ru/clinics/treatment/male-infertility/germany,Мужское бесплодие ,Erectile dysfunction
https://bookinghealth.ru/clinics/treatment/male-infertility/germany,Мужское бесплодие ,Женское бесплодие
https://bookinghealth.ru/clinics/treatment/neurology/germany,Неврология ,"Боковой
                        амиотрофический склероз (БАС)"
https://bookinghealth.ru/clinics/treatment/neurology/germany,Неврология ,Болезнь Альцгеймера
https://bookinghealth.ru/clinics/treatment/neurology/germany,Неврология ,Болезнь Паркинсона
https://bookinghealth.ru/clinics/treatment/neurology/germany,Неврология ,Головокружение
https://bookinghealth.ru/clinics/treatment/neurology/germany,Неврология ,Диабетическая полиневропатия
https://bookinghealth.ru/clinics/treatment/neurology/germany,Неврология ,"Заболевание
                        центральной нервной системы (ЦНС) неясной этиологии"
https://bookinghealth.ru/clinics/treatment/neurology/germany,Неврология ,Инсульт
https://bookinghealth.ru/clinics/treatment/neurology/germany,Неврология ,Менингит
https://bookinghealth.ru/clinics/treatment/neurology/germany,Неврология ,Менингоэнцефалит
https://bookinghealth.ru/clinics/treatment/neurology/germany,Неврология ,Миастения
https://bookinghealth.ru/clinics/treatment/neurology/germany,Неврология ,Мигрень (головная боль)
https://bookinghealth.ru/clinics/treatment/neurology/germany,Неврология ,"Мышечная дистрофия
                        Дюшенна"
https://bookinghealth.ru/clinics/treatment/neurology/germany,Неврология ,Невралгия тройничного нерва
https://bookinghealth.ru/clinics/treatment/neurology/germany,Неврология ,Остеохондроз позвоночника
https://bookinghealth.ru/clinics/treatment/neurology/germany,Неврология ,Парез лицевого нерва
https://bookinghealth.ru/clinics/treatment/neurology/germany,Неврология ,Полиневропатия
https://bookinghealth.ru/clinics/treatment/neurology/germany,Неврология ,Радикулит
https://bookinghealth.ru/clinics/treatment/neurology/germany,Неврология ,Рассеянный склероз
https://bookinghealth.ru/clinics/treatment/neurology/germany,Неврология ,"Синдром
                        Гийена-Барре"
https://bookinghealth.ru/clinics/treatment/neurology/germany,Неврология ,Синдром беспокойных ног
https://bookinghealth.ru/clinics/treatment/neurology/germany,Неврология ,Сирингомиелия
https://bookinghealth.ru/clinics/treatment/neurology/germany,Неврология ,Хорея Гентингтона
https://bookinghealth.ru/clinics/treatment/neurology/germany,Неврология ,Цереброваскулярная болезнь
https://bookinghealth.ru/clinics/treatment/neurology/germany,Неврология ,Эпилепсия
https://bookinghealth.ru/clinics/treatment/neurorehabilitation/germany,Нейрореабилитация ,"Нейрореабилитация (неврологическая
                        реабилитация)"
https://bookinghealth.ru/clinics/treatment/neurosurgery/germany,Нейрохирургия ,Аденома гипофиза
https://bookinghealth.ru/clinics/treatment/neurosurgery/germany,Нейрохирургия ,Акромегалия
https://bookinghealth.ru/clinics/treatment/neurosurgery/germany,Нейрохирургия ,Ангиома головного мозга
https://bookinghealth.ru/clinics/treatment/neurosurgery/germany,Нейрохирургия ,Аневризма сосудов головного мозга
https://bookinghealth.ru/clinics/treatment/neurosurgery/germany,Нейрохирургия ,"Артерио-венозные
                        мальформации (АВМ)"
https://bookinghealth.ru/clinics/treatment/neurosurgery/germany,Нейрохирургия ,"Артроз межпозвонковых суставов
                        (фасеточный синдром)"
https://bookinghealth.ru/clinics/treatment/neurosurgery/germany,Нейрохирургия ,Астроцитома головного мозга
https://bookinghealth.ru/clinics/treatment/neurosurgery/germany,Нейрохирургия ,"Болевой синдром после
                        операций на позвоночнике"
https://bookinghealth.ru/clinics/treatment/neurosurgery/germany,Нейрохирургия ,"Болезнь
                        Бехтерева"
https://bookinghealth.ru/clinics/treatment/neurosurgery/germany,Нейрохирургия ,Болезнь Паркинсона
https://bookinghealth.ru/clinics/treatment/neurosurgery/germany,Нейрохирургия ,Болезнь мойя-мойя
https://bookinghealth.ru/clinics/treatment/neurosurgery/germany,Нейрохирургия ,Гемангиома головного мозга
https://bookinghealth.ru/clinics/treatment/neurosurgery/germany,Нейрохирургия ,Герминома головного мозга
https://bookinghealth.ru/clinics/treatment/neurosurgery/germany,Нейрохирургия ,Гидроцефалия
https://bookinghealth.ru/clinics/treatment/neurosurgery/germany,Нейрохирургия ,Глиобластома (рак мозга)
https://bookinghealth.ru/clinics/treatment/neurosurgery/germany,Нейрохирургия ,Грыжа межпозвоночного диска
https://bookinghealth.ru/clinics/treatment/neurosurgery/germany,Нейрохирургия ,"Дефект
                        костей черепа"
https://bookinghealth.ru/clinics/treatment/neurosurgery/germany,Нейрохирургия ,"Злокачественная опухоль
                        спинного мозга (напр. эпиндимома)"
https://bookinghealth.ru/clinics/treatment/neurosurgery/germany,Нейрохирургия ,"Интрамедуллярная
                        гематома спинного мозга"
https://bookinghealth.ru/clinics/treatment/neurosurgery/germany,Нейрохирургия ,Кавернома головного мозга
https://bookinghealth.ru/clinics/treatment/neurosurgery/germany,Нейрохирургия ,"Мальформация головного
                        мозга"
https://bookinghealth.ru/clinics/treatment/neurosurgery/germany,Нейрохирургия ,Медуллобластома
https://bookinghealth.ru/clinics/treatment/neurosurgery/germany,Нейрохирургия ,Менингиома головного мозга
https://bookinghealth.ru/clinics/treatment/neurosurgery/germany,Нейрохирургия ,Менингиома спинного мозга
https://bookinghealth.ru/clinics/treatment/neurosurgery/germany,Нейрохирургия ,Менингоцеле (ликворная подушка)
https://bookinghealth.ru/clinics/treatment/neurosurgery/germany,Нейрохирургия ,Невралгия тройничного нерва
https://bookinghealth.ru/clinics/treatment/neurosurgery/germany,Нейрохирургия ,Невринома слухового нерва
https://bookinghealth.ru/clinics/treatment/neurosurgery/germany,Нейрохирургия ,Невринома спинного мозга
https://bookinghealth.ru/clinics/treatment/neurosurgery/germany,Нейрохирургия ,Повреждение периферических нервов
https://bookinghealth.ru/clinics/treatment/neurosurgery/germany,Нейрохирургия ,"Пролактинома
                        (гиперпролактинемия)"
https://bookinghealth.ru/clinics/treatment/neurosurgery/germany,Нейрохирургия ,Сирингомиелия
https://bookinghealth.ru/clinics/treatment/neurosurgery/germany,Нейрохирургия ,Сколиоз
https://bookinghealth.ru/clinics/treatment/neurosurgery/germany,Нейрохирургия ,"Спастический
                        синдром"
https://bookinghealth.ru/clinics/treatment/neurosurgery/germany,Нейрохирургия ,"Стеноз позвоночного (спинального)
                        канала"
https://bookinghealth.ru/clinics/treatment/neurosurgery/germany,Нейрохирургия ,"Субдуральная гематома головного
                        мозга"
https://bookinghealth.ru/clinics/treatment/neurosurgery/germany,Нейрохирургия ,Субдуральная эмпиема
https://bookinghealth.ru/clinics/treatment/neurosurgery/germany,Нейрохирургия ,Хордома
https://bookinghealth.ru/clinics/treatment/neurosurgery/germany,Нейрохирургия ,Хордома основания черепа
https://bookinghealth.ru/clinics/treatment/neurosurgery/germany,Нейрохирургия ,"Хронический спинальный болевой
                        синдром"
https://bookinghealth.ru/clinics/treatment/neurosurgery/germany,Нейрохирургия ,Цервикальная дистония
https://bookinghealth.ru/clinics/treatment/neurosurgery/germany,Нейрохирургия ,Эмпиема спинного мозга
https://bookinghealth.ru/clinics/treatment/neurosurgery/germany,Нейрохирургия ,Эпендимобластома
https://bookinghealth.ru/clinics/treatment/neurosurgery/germany,Нейрохирургия ,Эпендимома
https://bookinghealth.ru/clinics/treatment/neurosurgery/germany,Нейрохирургия ,Эпилепсия
https://bookinghealth.ru/clinics/treatment/neurosurgery/germany,Нейрохирургия ,Эпиндимома
https://bookinghealth.ru/clinics/treatment/nefrology/germany,Нефрология ,Гематурия
https://bookinghealth.ru/clinics/treatment/nefrology/germany,Нефрология ,Гломерулонефрит (нефропатия)
https://bookinghealth.ru/clinics/treatment/nefrology/germany,Нефрология ,"Интерстициальный (межуточный)
                        нефрит"
https://bookinghealth.ru/clinics/treatment/nefrology/germany,Нефрология ,Мочекаменная болезнь
https://bookinghealth.ru/clinics/treatment/nefrology/germany,Нефрология ,Пиелонефрит
https://bookinghealth.ru/clinics/treatment/nuclear-medicine/germany,Нуклеарная медицина ,"Рак предстательной железы (рак
                        простаты)"
https://bookinghealth.ru/clinics/treatment/nuclear-medicine/germany,Нуклеарная медицина ,Рак щитовидной железы
https://bookinghealth.ru/clinics/treatment/cancer/germany,Онкология ,Глиобластома (рак мозга)
https://bookinghealth.ru/clinics/treatment/cancer/germany,Онкология ,"Дисгерминома
                        яичников"
https://bookinghealth.ru/clinics/treatment/cancer/germany,Онкология ,"Злокачественная опухоль
                        средостения"
https://bookinghealth.ru/clinics/treatment/cancer/germany,Онкология ,Злокачественная тератома яичек
https://bookinghealth.ru/clinics/treatment/cancer/germany,Онкология ,Злокачественная тератома яичников
https://bookinghealth.ru/clinics/treatment/cancer/germany,Онкология ,Лимфома желудка (Malt-лимфома)
https://bookinghealth.ru/clinics/treatment/cancer/germany,Онкология ,Медуллобластома
https://bookinghealth.ru/clinics/treatment/cancer/germany,Онкология ,Мезотелиома
https://bookinghealth.ru/clinics/treatment/cancer/germany,Онкология ,Меланома
https://bookinghealth.ru/clinics/treatment/cancer/germany,Онкология ,"Нейробластома
                        (ганглионейробластома)"
https://bookinghealth.ru/clinics/treatment/cancer/germany,Онкология ,"Нефробластома (опухоль
                        Вильмса)"
https://bookinghealth.ru/clinics/treatment/cancer/germany,Онкология ,"Опухоль желточного мешка
                        яичка"
https://bookinghealth.ru/clinics/treatment/cancer/germany,Онкология ,"Опухоль желточного мешка
                        яичника"
https://bookinghealth.ru/clinics/treatment/cancer/germany,Онкология ,Полиэмбриома яичников
https://bookinghealth.ru/clinics/treatment/cancer/germany,Онкология ,"Рабдомиосаркома
                        орбиты"
https://bookinghealth.ru/clinics/treatment/cancer/germany,Онкология ,Рак гортани
https://bookinghealth.ru/clinics/treatment/cancer/germany,Онкология ,Рак двенадцатиперстной кишки
https://bookinghealth.ru/clinics/treatment/cancer/germany,Онкология ,Рак желудка
https://bookinghealth.ru/clinics/treatment/cancer/germany,Онкология ,"Рак
                        желчных протоков (Холангиокарцинома)"
https://bookinghealth.ru/clinics/treatment/cancer/germany,Онкология ,Рак лёгкого
https://bookinghealth.ru/clinics/treatment/cancer/germany,Онкология ,Рак мочеточника
https://bookinghealth.ru/clinics/treatment/cancer/germany,Онкология ,"Рак надпочечника (рак коры
                        надпочечника)"
https://bookinghealth.ru/clinics/treatment/cancer/germany,Онкология ,Рак носоглотки
https://bookinghealth.ru/clinics/treatment/cancer/germany,Онкология ,Рак печени
https://bookinghealth.ru/clinics/treatment/cancer/germany,Онкология ,Рак пищевода
https://bookinghealth.ru/clinics/treatment/cancer/germany,Онкология ,Рак поджелудочной железы
https://bookinghealth.ru/clinics/treatment/cancer/germany,Онкология ,Рак почки
https://bookinghealth.ru/clinics/treatment/cancer/germany,Онкология ,Рак прямой кишки
https://bookinghealth.ru/clinics/treatment/cancer/germany,Онкология ,Рак ротовой полости
https://bookinghealth.ru/clinics/treatment/cancer/germany,Онкология ,Рак ротоглотки
https://bookinghealth.ru/clinics/treatment/cancer/germany,Онкология ,Рак толстого кишечника
https://bookinghealth.ru/clinics/treatment/cancer/germany,Онкология ,Рак трахеи
https://bookinghealth.ru/clinics/treatment/cancer/germany,Онкология ,Рак шейки матки
https://bookinghealth.ru/clinics/treatment/cancer/germany,Онкология ,Рак щитовидной железы
https://bookinghealth.ru/clinics/treatment/cancer/germany,Онкология ,"Рак эндометрия (рак
                        матки)"
https://bookinghealth.ru/clinics/treatment/cancer/germany,Онкология ,Рак яичника
https://bookinghealth.ru/clinics/treatment/cancer/germany,Онкология ,Ретинобластома
https://bookinghealth.ru/clinics/treatment/cancer/germany,Онкология ,Саркома Юинга
https://bookinghealth.ru/clinics/treatment/cancer/germany,Онкология ,Саркома бедренной кости (остеосаркома)
https://bookinghealth.ru/clinics/treatment/cancer/germany,Онкология ,Саркома мягких тканей
https://bookinghealth.ru/clinics/treatment/cancer/germany,Онкология ,"Светлоклеточная саркома
                        почки"
https://bookinghealth.ru/clinics/treatment/cancer/germany,Онкология ,Семинома
https://bookinghealth.ru/clinics/treatment/cancer/germany,Онкология ,Фибросаркома детей
https://bookinghealth.ru/clinics/treatment/cancer/germany,Онкология ,Фибросаркома детей
https://bookinghealth.ru/clinics/treatment/cancer/germany,Онкология ,Хориокарцинома
https://bookinghealth.ru/clinics/treatment/cancer/germany,Онкология ,"Эмбриональная карцинома
                        яичек"
https://bookinghealth.ru/clinics/treatment/cancer/germany,Онкология ,Эпендимобластома
https://bookinghealth.ru/clinics/treatment/cancer/germany,Онкология ,"Ювенильная
                        назофарингеальная ангиофиброма"
https://bookinghealth.ru/clinics/treatment/orthopedics/germany,Ортопедия ,Артроз голеностопного сустава
https://bookinghealth.ru/clinics/treatment/orthopedics/germany,Ортопедия ,Артроз коленного сустава
https://bookinghealth.ru/clinics/treatment/orthopedics/germany,Ортопедия ,Артроз локтевого сустава
https://bookinghealth.ru/clinics/treatment/orthopedics/germany,Ортопедия ,Артроз локтевого сустава
https://bookinghealth.ru/clinics/treatment/orthopedics/germany,Ортопедия ,Артроз плечевого сустава
https://bookinghealth.ru/clinics/treatment/orthopedics/germany,Ортопедия ,"Артроз тазобедренного
                        сустава (коксартроз)"
https://bookinghealth.ru/clinics/treatment/orthopedics/germany,Ортопедия ,Бурсит локтевого сустава
https://bookinghealth.ru/clinics/treatment/orthopedics/germany,Ортопедия ,"Врождённый вывих (дисплазия)
                        тазобедренного сустава"
https://bookinghealth.ru/clinics/treatment/orthopedics/germany,Ортопедия ,Вывих коленной чашечки
https://bookinghealth.ru/clinics/treatment/orthopedics/germany,Ортопедия ,"Импиджмент-синдром головки бедренной
                        кости"
https://bookinghealth.ru/clinics/treatment/orthopedics/germany,Ортопедия ,"Импиджмент-синдром
                        плечевого сустава"
https://bookinghealth.ru/clinics/treatment/orthopedics/germany,Ортопедия ,Короткие ноги (конечности)
https://bookinghealth.ru/clinics/treatment/orthopedics/germany,Ортопедия ,Нестабильность коленного сустава
https://bookinghealth.ru/clinics/treatment/orthopedics/germany,Ортопедия ,"Нестабильность плечевого
                        сустава"
https://bookinghealth.ru/clinics/treatment/orthopedics/germany,Ортопедия ,Остеомиелит костей
https://bookinghealth.ru/clinics/treatment/orthopedics/germany,Ортопедия ,Перелом бедренной кости
https://bookinghealth.ru/clinics/treatment/orthopedics/germany,Ортопедия ,Перелом костей плеча
https://bookinghealth.ru/clinics/treatment/orthopedics/germany,Ортопедия ,Перелом костей предплечья
https://bookinghealth.ru/clinics/treatment/orthopedics/germany,Ортопедия ,Перелом костией голени
https://bookinghealth.ru/clinics/treatment/orthopedics/germany,Ортопедия ,Перелом шейки бедра
https://bookinghealth.ru/clinics/treatment/orthopedics/germany,Ортопедия ,"Разрыв боковой связки коленного
                        сустава"
https://bookinghealth.ru/clinics/treatment/orthopedics/germany,Ортопедия ,Разрыв мениска
https://bookinghealth.ru/clinics/treatment/orthopedics/germany,Ортопедия ,"Разрыв передней
                        крестообразной связки"
https://bookinghealth.ru/clinics/treatment/orthopedics/germany,Ортопедия ,"Разрыв ротаторной манжеты плечевого
                        сустава"
https://bookinghealth.ru/clinics/treatment/orthopedics/germany,Ортопедия ,Саркома Юинга
https://bookinghealth.ru/clinics/treatment/orthopedics/germany,Ортопедия ,Саркома бедренной кости (остеосаркома)
https://bookinghealth.ru/clinics/treatment/orthopedics/germany,Ортопедия ,Состояние после остеосинтеза
https://bookinghealth.ru/clinics/treatment/orthopedics/germany,Ортопедия ,Хондрома
https://bookinghealth.ru/clinics/treatment/orthopedics/germany,Ортопедия ,"Хронический синовит коленного
                        сустава"
https://bookinghealth.ru/clinics/treatment/otolaryngology/germany,Отоларингология ,Абсцесс слюнной железы
https://bookinghealth.ru/clinics/treatment/otolaryngology/germany,Отоларингология ,"Атрезия (сужение) слухового
                        прохода"
https://bookinghealth.ru/clinics/treatment/otolaryngology/germany,Отоларингология ,"Воспаление сосцевидного отростка
                        (мастоидит)"
https://bookinghealth.ru/clinics/treatment/otolaryngology/germany,Отоларингология ,Гиперплазия носовых раковин
https://bookinghealth.ru/clinics/treatment/otolaryngology/germany,Отоларингология ,Гипертрофия миндалин
https://bookinghealth.ru/clinics/treatment/otolaryngology/germany,Отоларингология ,Гломусная опухоль (параганглиома)
https://bookinghealth.ru/clinics/treatment/otolaryngology/germany,Отоларингология ,Дефект барабанной перепонки
https://bookinghealth.ru/clinics/treatment/otolaryngology/germany,Отоларингология ,Дефект слухового прохода
https://bookinghealth.ru/clinics/treatment/otolaryngology/germany,Отоларингология ,Дефект среднего уха
https://bookinghealth.ru/clinics/treatment/otolaryngology/germany,Отоларингология ,Деформация ушной раковины
https://bookinghealth.ru/clinics/treatment/otolaryngology/germany,Отоларингология ,"Искривление носовой
                        перегородки"
https://bookinghealth.ru/clinics/treatment/otolaryngology/germany,Отоларингология ,"Камни подчелюстной слюнной
                        железы"
https://bookinghealth.ru/clinics/treatment/otolaryngology/germany,Отоларингология ,Камни слюнных желёз
https://bookinghealth.ru/clinics/treatment/otolaryngology/germany,Отоларингология ,Кисты голосовых связок
https://bookinghealth.ru/clinics/treatment/otolaryngology/germany,Отоларингология ,Короткая уздечка языка
https://bookinghealth.ru/clinics/treatment/otolaryngology/germany,Отоларингология ,Липома шеи
https://bookinghealth.ru/clinics/treatment/otolaryngology/germany,Отоларингология ,Лопоухость
https://bookinghealth.ru/clinics/treatment/otolaryngology/germany,Отоларингология ,Назальный полип
https://bookinghealth.ru/clinics/treatment/otolaryngology/germany,Отоларингология ,Нарушение слуха
https://bookinghealth.ru/clinics/treatment/otolaryngology/germany,Отоларингология ,Невринома шеи
https://bookinghealth.ru/clinics/treatment/otolaryngology/germany,Отоларингология ,Нейросенсорная тугоухость
https://bookinghealth.ru/clinics/treatment/otolaryngology/germany,Отоларингология ,Носовые кровотечения
https://bookinghealth.ru/clinics/treatment/otolaryngology/germany,Отоларингология ,Опухоль носовых пазух
https://bookinghealth.ru/clinics/treatment/otolaryngology/germany,Отоларингология ,Опухоль носоглотки
https://bookinghealth.ru/clinics/treatment/otolaryngology/germany,Отоларингология ,Отит среднего уха
https://bookinghealth.ru/clinics/treatment/otolaryngology/germany,Отоларингология ,Отосклероз
https://bookinghealth.ru/clinics/treatment/otolaryngology/germany,Отоларингология ,Параганглиома шеи
https://bookinghealth.ru/clinics/treatment/otolaryngology/germany,Отоларингология ,Паралич голосовых связок
https://bookinghealth.ru/clinics/treatment/otolaryngology/germany,Отоларингология ,Перелом носовой кости
https://bookinghealth.ru/clinics/treatment/otolaryngology/germany,Отоларингология ,Полипы голосовых связок
https://bookinghealth.ru/clinics/treatment/otolaryngology/germany,Отоларингология ,"Порок развития среднего
                        уха"
https://bookinghealth.ru/clinics/treatment/otolaryngology/germany,Отоларингология ,Рак гортани
https://bookinghealth.ru/clinics/treatment/otolaryngology/germany,Отоларингология ,Рак миндалины
https://bookinghealth.ru/clinics/treatment/otolaryngology/germany,Отоларингология ,Рак носоглотки
https://bookinghealth.ru/clinics/treatment/otolaryngology/germany,Отоларингология ,Рак околоушной железы
https://bookinghealth.ru/clinics/treatment/otolaryngology/germany,Отоларингология ,Рак ротоглотки
https://bookinghealth.ru/clinics/treatment/otolaryngology/germany,Отоларингология ,Рак слюнной железы
https://bookinghealth.ru/clinics/treatment/otolaryngology/germany,Отоларингология ,Рак трахеи
https://bookinghealth.ru/clinics/treatment/otolaryngology/germany,Отоларингология ,Рак уха
https://bookinghealth.ru/clinics/treatment/otolaryngology/germany,Отоларингология ,Ринит (заложенность носа)
https://bookinghealth.ru/clinics/treatment/otolaryngology/germany,Отоларингология ,Синусит
https://bookinghealth.ru/clinics/treatment/otolaryngology/germany,Отоларингология ,Стеноз трахеи
https://bookinghealth.ru/clinics/treatment/otolaryngology/germany,Отоларингология ,Тиннитус
https://bookinghealth.ru/clinics/treatment/otolaryngology/germany,Отоларингология ,"Травматическое искривление
                        носа"
https://bookinghealth.ru/clinics/treatment/otolaryngology/germany,Отоларингология ,Фибромы шеи
https://bookinghealth.ru/clinics/treatment/otolaryngology/germany,Отоларингология ,Холестеатома уха
https://bookinghealth.ru/clinics/treatment/otolaryngology/germany,Отоларингология ,Хронический храп
https://bookinghealth.ru/clinics/treatment/otolaryngology/germany,Отоларингология ,"Хроническое
                        воспаление носовых и придаточных пазух носа"
https://bookinghealth.ru/clinics/treatment/otolaryngology/germany,Отоларингология ,"Хроническое воспаление
                        слюнных желез"
https://bookinghealth.ru/clinics/treatment/otolaryngology/germany,Отоларингология ,Экзостозы слухового прохода
https://bookinghealth.ru/clinics/treatment/ophthalmology/germany,Офтальмология ,Внутриглазная опухоль
https://bookinghealth.ru/clinics/treatment/ophthalmology/germany,Офтальмология ,"Воспаление глаз
                        при синдроме Шегрена"
https://bookinghealth.ru/clinics/treatment/ophthalmology/germany,Офтальмология ,Врожденная глаукома
https://bookinghealth.ru/clinics/treatment/ophthalmology/germany,Офтальмология ,Врожденный невус на веках
https://bookinghealth.ru/clinics/treatment/ophthalmology/germany,Офтальмология ,Глаукома
https://bookinghealth.ru/clinics/treatment/ophthalmology/germany,Офтальмология ,"Глаукома в сочетании с
                        катарактой"
https://bookinghealth.ru/clinics/treatment/ophthalmology/germany,Офтальмология ,Дегенерация сетчатки
https://bookinghealth.ru/clinics/treatment/ophthalmology/germany,Офтальмология ,Деструкция стекловидного тела
https://bookinghealth.ru/clinics/treatment/ophthalmology/germany,Офтальмология ,Диабетическая ретинопатия
https://bookinghealth.ru/clinics/treatment/ophthalmology/germany,Офтальмология ,Катаракта
https://bookinghealth.ru/clinics/treatment/ophthalmology/germany,Офтальмология ,Кератоконус
https://bookinghealth.ru/clinics/treatment/ophthalmology/germany,Офтальмология ,"Макулярная
                        дегенерация сетчатки"
https://bookinghealth.ru/clinics/treatment/ophthalmology/germany,Офтальмология ,Макулярный отек
https://bookinghealth.ru/clinics/treatment/ophthalmology/germany,Офтальмология ,Медуллоэпителиома
https://bookinghealth.ru/clinics/treatment/ophthalmology/germany,Офтальмология ,Миопия (близорукость)
https://bookinghealth.ru/clinics/treatment/ophthalmology/germany,Офтальмология ,Новообразование (опухоль) век
https://bookinghealth.ru/clinics/treatment/ophthalmology/germany,Офтальмология ,Окклюзия слезного канала
https://bookinghealth.ru/clinics/treatment/ophthalmology/germany,Офтальмология ,Окклюзия сосудов глаз
https://bookinghealth.ru/clinics/treatment/ophthalmology/germany,Офтальмология ,Острый приступ глаукомы
https://bookinghealth.ru/clinics/treatment/ophthalmology/germany,Офтальмология ,Отслойка роговицы
https://bookinghealth.ru/clinics/treatment/ophthalmology/germany,Офтальмология ,Отслойка сетчатки
https://bookinghealth.ru/clinics/treatment/ophthalmology/germany,Офтальмология ,"Патология глазодвигательного
                        аппарата (нистагм, косоглазие)"
https://bookinghealth.ru/clinics/treatment/ophthalmology/germany,Офтальмология ,Повреждение роговицы
https://bookinghealth.ru/clinics/treatment/ophthalmology/germany,Офтальмология ,Помутнение роговицы
https://bookinghealth.ru/clinics/treatment/ophthalmology/germany,Офтальмология ,Помутнение стекловидного тела
https://bookinghealth.ru/clinics/treatment/ophthalmology/germany,Офтальмология ,Ретинобластома
https://bookinghealth.ru/clinics/treatment/ophthalmology/germany,Офтальмология ,Сращение конъюнктивы век
https://bookinghealth.ru/clinics/treatment/ophthalmology/germany,Офтальмология ,"Травматическое повреждение
                        глазного яблока"
https://bookinghealth.ru/clinics/treatment/ophthalmology/germany,Офтальмология ,Эктропион нижнего века
https://bookinghealth.ru/clinics/treatment/plastic-surgery/germany,Пластическая хирургия ,Акне
https://bookinghealth.ru/clinics/treatment/plastic-surgery/germany,Пластическая хирургия ,Ассиметрия половых губ
https://bookinghealth.ru/clinics/treatment/plastic-surgery/germany,Пластическая хирургия ,Базалиома
https://bookinghealth.ru/clinics/treatment/plastic-surgery/germany,Пластическая хирургия ,Висящая грудь
https://bookinghealth.ru/clinics/treatment/plastic-surgery/germany,Пластическая хирургия ,Гинекомастия у мужчин
https://bookinghealth.ru/clinics/treatment/plastic-surgery/germany,Пластическая хирургия ,Гипертрофия половых губ
https://bookinghealth.ru/clinics/treatment/plastic-surgery/germany,Пластическая хирургия ,Гнойный гидраденит
https://bookinghealth.ru/clinics/treatment/plastic-surgery/germany,Пластическая хирургия ,Двойной подбородок
https://bookinghealth.ru/clinics/treatment/plastic-surgery/germany,Пластическая хирургия ,Деформация ареолы груди
https://bookinghealth.ru/clinics/treatment/plastic-surgery/germany,Пластическая хирургия ,Деформация носа
https://bookinghealth.ru/clinics/treatment/plastic-surgery/germany,Пластическая хирургия ,"Диастаз прямых мышц
                        живота"
https://bookinghealth.ru/clinics/treatment/plastic-surgery/germany,Пластическая хирургия ,"Дисгормональная
                        гиперплазия молочных желез"
https://bookinghealth.ru/clinics/treatment/plastic-surgery/germany,Пластическая хирургия ,"Доброкачественное
                        образование кожи лица"
https://bookinghealth.ru/clinics/treatment/plastic-surgery/germany,Пластическая хирургия ,Заячья губа
https://bookinghealth.ru/clinics/treatment/plastic-surgery/germany,Пластическая хирургия ,Заячья губа и волчья пасть
https://bookinghealth.ru/clinics/treatment/plastic-surgery/germany,Пластическая хирургия ,"Избыток веса (ожирение) в области
                        живота"
https://bookinghealth.ru/clinics/treatment/plastic-surgery/germany,Пластическая хирургия ,"Капсульный фиброз
                        грудных имплантатов"
https://bookinghealth.ru/clinics/treatment/plastic-surgery/germany,Пластическая хирургия ,Келоидные рубцы на губах
https://bookinghealth.ru/clinics/treatment/plastic-surgery/germany,Пластическая хирургия ,Лимфедема
https://bookinghealth.ru/clinics/treatment/plastic-surgery/germany,Пластическая хирургия ,Меланома
https://bookinghealth.ru/clinics/treatment/plastic-surgery/germany,Пластическая хирургия ,Неправильная форма ушей
https://bookinghealth.ru/clinics/treatment/plastic-surgery/germany,Пластическая хирургия ,Облысение
https://bookinghealth.ru/clinics/treatment/plastic-surgery/germany,Пластическая хирургия ,Ожирение (избыток веса)
https://bookinghealth.ru/clinics/treatment/plastic-surgery/germany,Пластическая хирургия ,"Повреждения мягких и
                        твердых тканей лица"
https://bookinghealth.ru/clinics/treatment/plastic-surgery/germany,Пластическая хирургия ,"Повреждения мягких тканей
                        лица"
https://bookinghealth.ru/clinics/treatment/plastic-surgery/germany,Пластическая хирургия ,Подтяжка (пластика) кожи лица
https://bookinghealth.ru/clinics/treatment/plastic-surgery/germany,Пластическая хирургия ,Подтяжка (пластика) шеи
https://bookinghealth.ru/clinics/treatment/plastic-surgery/germany,Пластическая хирургия ,Пролежни
https://bookinghealth.ru/clinics/treatment/plastic-surgery/germany,Пластическая хирургия ,Птоз верхнего века
https://bookinghealth.ru/clinics/treatment/plastic-surgery/germany,Пластическая хирургия ,Рак молочной железы (Рак груди)
https://bookinghealth.ru/clinics/treatment/plastic-surgery/germany,Пластическая хирургия ,Расширенное кольцо влагалища
https://bookinghealth.ru/clinics/treatment/plastic-surgery/germany,Пластическая хирургия ,Редкие ресницы
https://bookinghealth.ru/clinics/treatment/plastic-surgery/germany,Пластическая хирургия ,"Синдактилия (сросшиеся
                        пальцы)"
https://bookinghealth.ru/clinics/treatment/plastic-surgery/germany,Пластическая хирургия ,"Смещение имплантата
                        после увеличения груди"
https://bookinghealth.ru/clinics/treatment/plastic-surgery/germany,Пластическая хирургия ,Тонкие губы
https://bookinghealth.ru/clinics/treatment/plastic-surgery/germany,Пластическая хирургия ,"Увеличение груди
                        (маммопластика)"
https://bookinghealth.ru/clinics/treatment/plastic-surgery/germany,Пластическая хирургия ,Увеличение объема влагалища
https://bookinghealth.ru/clinics/treatment/plastic-surgery/germany,Пластическая хирургия ,"Чрезмерное
                        потоотделение (гипергидроз)"
https://bookinghealth.ru/clinics/treatment/proton-therapy/germany,Протонная терапия ,Глиобластома (рак мозга)
https://bookinghealth.ru/clinics/treatment/proton-therapy/germany,Протонная терапия ,Протонная терапия
https://bookinghealth.ru/clinics/treatment/pulmonology/germany,Пульмонология ,Абсцесс лёгкого
https://bookinghealth.ru/clinics/treatment/pulmonology/germany,Пульмонология ,Атипичная пневмония
https://bookinghealth.ru/clinics/treatment/pulmonology/germany,Пульмонология ,Бронхиальная астма
https://bookinghealth.ru/clinics/treatment/pulmonology/germany,Пульмонология ,Бронхоэктазы
https://bookinghealth.ru/clinics/treatment/pulmonology/germany,Пульмонология ,Лёгочный фиброз
https://bookinghealth.ru/clinics/treatment/pulmonology/germany,Пульмонология ,"Муковисцидоз (кистозный
                        фиброз)"
https://bookinghealth.ru/clinics/treatment/pulmonology/germany,Пульмонология ,Острый бронхит
https://bookinghealth.ru/clinics/treatment/pulmonology/germany,Пульмонология ,Плеврит со спайками
https://bookinghealth.ru/clinics/treatment/pulmonology/germany,Пульмонология ,Пневмокониоз
https://bookinghealth.ru/clinics/treatment/pulmonology/germany,Пульмонология ,Пневмония
https://bookinghealth.ru/clinics/treatment/pulmonology/germany,Пульмонология ,Пульмональная гипертония
https://bookinghealth.ru/clinics/treatment/pulmonology/germany,Пульмонология ,Саркоидоз
https://bookinghealth.ru/clinics/treatment/pulmonology/germany,Пульмонология ,Силикоз
https://bookinghealth.ru/clinics/treatment/pulmonology/germany,Пульмонология ,"Синдром обструктивного
                        апноэ сна (СОАС)"
https://bookinghealth.ru/clinics/treatment/pulmonology/germany,Пульмонология ,Стеноз трахеи
https://bookinghealth.ru/clinics/treatment/pulmonology/germany,Пульмонология ,Трахеобронхопатия
https://bookinghealth.ru/clinics/treatment/pulmonology/germany,Пульмонология ,Туберкулез легких
https://bookinghealth.ru/clinics/treatment/pulmonology/germany,Пульмонология ,Фиброзирующий альвеолит
https://bookinghealth.ru/clinics/treatment/pulmonology/germany,Пульмонология ,"Хронический Обструктивный
                        бронхит"
https://bookinghealth.ru/clinics/treatment/pulmonology/germany,Пульмонология ,"Экзогенный аллергический
                        альвеолит"
https://bookinghealth.ru/clinics/treatment/pulmonology/germany,Пульмонология ,Эмфизема лёгких
https://bookinghealth.ru/clinics/treatment/rheumatology/germany,Ревматология ,"Болезнь
                        Бехтерева"
https://bookinghealth.ru/clinics/treatment/rheumatology/germany,Ревматология ,Болезнь Бехчета (системный васкулит)
https://bookinghealth.ru/clinics/treatment/rheumatology/germany,Ревматология ,"Болезнь Лайма (клещевой
                        Боррелиоз)"
https://bookinghealth.ru/clinics/treatment/rheumatology/germany,Ревматология ,Васкулит
https://bookinghealth.ru/clinics/treatment/rheumatology/germany,Ревматология ,Дерматомиозит
https://bookinghealth.ru/clinics/treatment/rheumatology/germany,Ревматология ,Подагра
https://bookinghealth.ru/clinics/treatment/rheumatology/germany,Ревматология ,Псориатический артрит
https://bookinghealth.ru/clinics/treatment/rheumatology/germany,Ревматология ,Ревматоидный артрит
https://bookinghealth.ru/clinics/treatment/rheumatology/germany,Ревматология ,Синдром Рейно
https://bookinghealth.ru/clinics/treatment/rheumatology/germany,Ревматология ,Синдром Шегрена
https://bookinghealth.ru/clinics/treatment/rheumatology/germany,Ревматология ,"Системная красная
                        волчанка"
https://bookinghealth.ru/clinics/treatment/rheumatology/germany,Ревматология ,Склеродермия
https://bookinghealth.ru/clinics/treatment/rheumatology/germany,Ревматология ,Спондилёз
https://bookinghealth.ru/clinics/treatment/rheumatology/germany,Ревматология ,Фибромиалгия
https://bookinghealth.ru/clinics/treatment/rheumatology/germany,Ревматология ,"Ювенильный артрит (артрит
                        у детей)"
https://bookinghealth.ru/clinics/treatment/reconstructive-burn-surgery/germany,"Реконструктивная
        ожоговая хирургия ","Ожоги кожи (>
                        35% поверхности кожи)"
https://bookinghealth.ru/clinics/treatment/reproductive-medicine/germany,"Репродуктивная
        медицина ",Женское бесплодие
https://bookinghealth.ru/clinics/treatment/reproductive-medicine/germany,"Репродуктивная
        медицина ",Искусственное осименение
https://bookinghealth.ru/clinics/treatment/vascular-surgery/germany,Сосудистая хирургия ,"Аневризма аорты
                        (расслаивающая аневризма аорты)"
https://bookinghealth.ru/clinics/treatment/vascular-surgery/germany,Сосудистая хирургия ,Аневризма брюшной аорты
https://bookinghealth.ru/clinics/treatment/vascular-surgery/germany,Сосудистая хирургия ,Аневризма почечной артерии
https://bookinghealth.ru/clinics/treatment/vascular-surgery/germany,Сосудистая хирургия ,Аневризма сонной артерии
https://bookinghealth.ru/clinics/treatment/vascular-surgery/germany,Сосудистая хирургия ,"Атеросклероз
                        брыжеечной артерии"
https://bookinghealth.ru/clinics/treatment/vascular-surgery/germany,Сосудистая хирургия ,"Атеросклероз
                        верхних конечностей и стеноз подключичной артерии"
https://bookinghealth.ru/clinics/treatment/vascular-surgery/germany,Сосудистая хирургия ,"Атеросклероз сосудов
                        нижних конечностей (стадия 4)"
https://bookinghealth.ru/clinics/treatment/vascular-surgery/germany,Сосудистая хирургия ,Варикозное расширение вен
https://bookinghealth.ru/clinics/treatment/vascular-surgery/germany,Сосудистая хирургия ,"Варикозное
                        расширение вен с трофической язвой"
https://bookinghealth.ru/clinics/treatment/vascular-surgery/germany,Сосудистая хирургия ,Диабетическая стопа
https://bookinghealth.ru/clinics/treatment/vascular-surgery/germany,Сосудистая хирургия ,Лимфедема
https://bookinghealth.ru/clinics/treatment/vascular-surgery/germany,Сосудистая хирургия ,Стеноз почечной артерии
https://bookinghealth.ru/clinics/treatment/vascular-surgery/germany,Сосудистая хирургия ,Стеноз сонной артерии
https://bookinghealth.ru/clinics/treatment/vascular-surgery/germany,Сосудистая хирургия ,"Тромбоз глубоких вен нижних
                        конечностей"
https://bookinghealth.ru/clinics/treatment/vascular-surgery/germany,Сосудистая хирургия ,"Флегмона
                        стопы"
https://bookinghealth.ru/clinics/treatment/internal-medicine/germany,Терапия ,Ревматизм
https://bookinghealth.ru/clinics/treatment/internal-medicine/germany,Терапия ,Стеноз привратника желудка
https://bookinghealth.ru/clinics/treatment/internal-medicine/germany,Терапия ,Холецистит
https://bookinghealth.ru/clinics/treatment/thoracic-surgery/germany,Торакальная хирургия ,Абсцесс лёгкого
https://bookinghealth.ru/clinics/treatment/thoracic-surgery/germany,Торакальная хирургия ,Аневризма грудной аорты
https://bookinghealth.ru/clinics/treatment/thoracic-surgery/germany,Торакальная хирургия ,"Бронхоплевральная
                        фистула (свищ)"
https://bookinghealth.ru/clinics/treatment/thoracic-surgery/germany,Торакальная хирургия ,Бронхоэктазы
https://bookinghealth.ru/clinics/treatment/thoracic-surgery/germany,Торакальная хирургия ,Буллезная эмфизема легких
https://bookinghealth.ru/clinics/treatment/thoracic-surgery/germany,Торакальная хирургия ,"Врождённая
                        деформация грудной клетки у детей (Вдавленная или килевидная деформация)"
https://bookinghealth.ru/clinics/treatment/thoracic-surgery/germany,Торакальная хирургия ,Гемоторакс
https://bookinghealth.ru/clinics/treatment/thoracic-surgery/germany,Торакальная хирургия ,"Дефект грудной стенки
                        после торакотомии"
https://bookinghealth.ru/clinics/treatment/thoracic-surgery/germany,Торакальная хирургия ,"Злокачественная опухоль
                        средостения"
https://bookinghealth.ru/clinics/treatment/thoracic-surgery/germany,Торакальная хирургия ,"Лимфома (b-клеточная лимфома)
                        лёгких"
https://bookinghealth.ru/clinics/treatment/thoracic-surgery/germany,Торакальная хирургия ,Мезотелиома
https://bookinghealth.ru/clinics/treatment/thoracic-surgery/germany,Торакальная хирургия ,"Плевральная эмпиема
                        (абсцесс)"
https://bookinghealth.ru/clinics/treatment/thoracic-surgery/germany,Торакальная хирургия ,Пневмоторакс
https://bookinghealth.ru/clinics/treatment/thoracic-surgery/germany,Торакальная хирургия ,Разрыв диафрагмы
https://bookinghealth.ru/clinics/treatment/thoracic-surgery/germany,Торакальная хирургия ,Рак лёгкого
https://bookinghealth.ru/clinics/treatment/thoracic-surgery/germany,Торакальная хирургия ,Рак тимуса
https://bookinghealth.ru/clinics/treatment/thoracic-surgery/germany,Торакальная хирургия ,Синдром Рейно
https://bookinghealth.ru/clinics/treatment/thoracic-surgery/germany,Торакальная хирургия ,Стеноз бронхов
https://bookinghealth.ru/clinics/treatment/thoracic-surgery/germany,Торакальная хирургия ,"Тимома (опухоль вилочковой
                        желез)"
https://bookinghealth.ru/clinics/treatment/thoracic-surgery/germany,Торакальная хирургия ,"Увеличенные лимфатические узлы
                        средостения"
https://bookinghealth.ru/clinics/treatment/thoracic-surgery/germany,Торакальная хирургия ,Язвенный дефект стенки бронхов
https://bookinghealth.ru/clinics/treatment/urology/germany,Урология ,Абсцесс околопочечной клетчатки
https://bookinghealth.ru/clinics/treatment/urology/germany,Урология ,Абсцесс почки
https://bookinghealth.ru/clinics/treatment/urology/germany,Урология ,Абсцесс яичек
https://bookinghealth.ru/clinics/treatment/urology/germany,Урология ,"Аденома простаты
                        (предстательной железы)"
https://bookinghealth.ru/clinics/treatment/urology/germany,Урология ,Болезнь Иценко-Кушинга
https://bookinghealth.ru/clinics/treatment/urology/germany,Урология ,"Варикозное расширение вен мошонки
                        (варикоцеле)"
https://bookinghealth.ru/clinics/treatment/urology/germany,Урология ,Влагалищно-пузырный свищ
https://bookinghealth.ru/clinics/treatment/urology/germany,Урология ,Водянка яичек (Гидроцеле)
https://bookinghealth.ru/clinics/treatment/urology/germany,Урология ,"Воспаление семявыводящего
                        протока"
https://bookinghealth.ru/clinics/treatment/urology/germany,Урология ,Гангрена Фурнье
https://bookinghealth.ru/clinics/treatment/urology/germany,Урология ,Гипоспадия
https://bookinghealth.ru/clinics/treatment/urology/germany,Урология ,"Дивертикул мочевого
                        пузыря"
https://bookinghealth.ru/clinics/treatment/urology/germany,Урология ,Камни мочевого пузыря
https://bookinghealth.ru/clinics/treatment/urology/germany,Урология ,"Камни
                        почек с гидронефрозом"
https://bookinghealth.ru/clinics/treatment/urology/germany,Урология ,Камни предстательной железы
https://bookinghealth.ru/clinics/treatment/urology/germany,Урология ,Камни уретры
https://bookinghealth.ru/clinics/treatment/urology/germany,Урология ,"Неправильное
                        положение яичка (неопущение яичка, крипторхизм)"
https://bookinghealth.ru/clinics/treatment/urology/germany,Урология ,"Нефробластома (опухоль
                        Вильмса)"
https://bookinghealth.ru/clinics/treatment/urology/germany,Урология ,"Обструкция шейки мочевого
                        пузыря"
https://bookinghealth.ru/clinics/treatment/urology/germany,Урология ,"Опухоль желточного мешка
                        яичка"
https://bookinghealth.ru/clinics/treatment/urology/germany,Урология ,"Остроконечные кондиломы полового
                        члена"
https://bookinghealth.ru/clinics/treatment/urology/germany,Урология ,Перекрут яичка
https://bookinghealth.ru/clinics/treatment/urology/germany,Урология ,"Перелом полового
                        члена с разрывом уретры"
https://bookinghealth.ru/clinics/treatment/urology/germany,Урология ,Поликистоз почек
https://bookinghealth.ru/clinics/treatment/urology/germany,Урология ,Полип мочеиспускательного канала
https://bookinghealth.ru/clinics/treatment/urology/germany,Урология ,Полип мочеточника
https://bookinghealth.ru/clinics/treatment/urology/germany,Урология ,"Почечная
                        недостаточность"
https://bookinghealth.ru/clinics/treatment/urology/germany,Урология ,"Пролапс мочеиспускательного
                        канала"
https://bookinghealth.ru/clinics/treatment/urology/germany,Урология ,Пузырно-кишечная фистула
https://bookinghealth.ru/clinics/treatment/urology/germany,Урология ,Разрыв мочевого пузыря
https://bookinghealth.ru/clinics/treatment/urology/germany,Урология ,Рак мочевого пузыря
https://bookinghealth.ru/clinics/treatment/urology/germany,Урология ,Рак мочеточника
https://bookinghealth.ru/clinics/treatment/urology/germany,Урология ,"Рак надпочечника (рак коры
                        надпочечника)"
https://bookinghealth.ru/clinics/treatment/urology/germany,Урология ,Рак пениса
https://bookinghealth.ru/clinics/treatment/urology/germany,Урология ,Рак почки
https://bookinghealth.ru/clinics/treatment/urology/germany,Урология ,"Рак предстательной железы (рак
                        простаты)"
https://bookinghealth.ru/clinics/treatment/urology/germany,Урология ,Рак шейки мочевого пузыря
https://bookinghealth.ru/clinics/treatment/urology/germany,Урология ,Рак яичка
https://bookinghealth.ru/clinics/treatment/urology/germany,Урология ,"Светлоклеточная саркома
                        почки"
https://bookinghealth.ru/clinics/treatment/urology/germany,Урология ,Семинома
https://bookinghealth.ru/clinics/treatment/urology/germany,Урология ,Сморщенная почка
https://bookinghealth.ru/clinics/treatment/urology/germany,Урология ,Сперматоцистит
https://bookinghealth.ru/clinics/treatment/urology/germany,Урология ,"Стрессовое
                        недержание мочи у женщин"
https://bookinghealth.ru/clinics/treatment/urology/germany,Урология ,"Стрессовое недержание
                        мочи у мужчин"
https://bookinghealth.ru/clinics/treatment/urology/germany,Урология ,Сужение мочеточника
https://bookinghealth.ru/clinics/treatment/urology/germany,Урология ,"Сужение уретры (мочеиспускательного
                        канала)"
https://bookinghealth.ru/clinics/treatment/urology/germany,Урология ,Травма мочеточника
https://bookinghealth.ru/clinics/treatment/urology/germany,Урология ,"Травма предстательной
                        железы"
https://bookinghealth.ru/clinics/treatment/urology/germany,Урология ,Феохромоцитома
https://bookinghealth.ru/clinics/treatment/urology/germany,Урология ,Фимоз
https://bookinghealth.ru/clinics/treatment/urology/germany,Урология ,Фистула уретры
https://bookinghealth.ru/clinics/treatment/urology/germany,Урология ,Хронический простатит
https://bookinghealth.ru/clinics/treatment/urology/germany,Урология ,Цистит
https://bookinghealth.ru/clinics/treatment/urology/germany,Урология ,"Эмбриональная карцинома
                        яичек"
https://bookinghealth.ru/clinics/treatment/urology/germany,Урология ,"Эпидидимит (воспаление придатка
                        яичка)"
https://bookinghealth.ru/clinics/treatment/surgery/germany,Хирургия ,"HIPEC- гипертермичесая интраперитонеальная
                        химиотерапия"
https://bookinghealth.ru/clinics/treatment/surgery/germany,Хирургия ,Абсцесс печени
https://bookinghealth.ru/clinics/treatment/surgery/germany,Хирургия ,Аденома паращитовидных желез
https://bookinghealth.ru/clinics/treatment/surgery/germany,Хирургия ,Анальный стеноз
https://bookinghealth.ru/clinics/treatment/surgery/germany,Хирургия ,Апендицит
https://bookinghealth.ru/clinics/treatment/surgery/germany,Хирургия ,"Базедова болезнь
                        (диффузный токсический зоб)"
https://bookinghealth.ru/clinics/treatment/surgery/germany,Хирургия ,Бедренная грыжа
https://bookinghealth.ru/clinics/treatment/surgery/germany,Хирургия ,Болезнь Крона
https://bookinghealth.ru/clinics/treatment/surgery/germany,Хирургия ,Волосатоклеточный лейкоз
https://bookinghealth.ru/clinics/treatment/surgery/germany,Хирургия ,"Воспаление
                        кишечника"
https://bookinghealth.ru/clinics/treatment/surgery/germany,Хирургия ,Геморрой
https://bookinghealth.ru/clinics/treatment/surgery/germany,Хирургия ,"Гигантоклеточная
                        фибробластома"
https://bookinghealth.ru/clinics/treatment/surgery/germany,Хирургия ,Гиперпаратиреоидизм
https://bookinghealth.ru/clinics/treatment/surgery/germany,Хирургия ,"Грыжа пищеводного отверстия
                        диафрагмы"
https://bookinghealth.ru/clinics/treatment/surgery/germany,Хирургия ,Дивертикул 12-перстной кишки
https://bookinghealth.ru/clinics/treatment/surgery/germany,Хирургия ,Дивертикул Меккеля
https://bookinghealth.ru/clinics/treatment/surgery/germany,Хирургия ,Дивертикулит
https://bookinghealth.ru/clinics/treatment/surgery/germany,Хирургия ,Инсулинома
https://bookinghealth.ru/clinics/treatment/surgery/germany,Хирургия ,Киста поджелудочной железы
https://bookinghealth.ru/clinics/treatment/surgery/germany,Хирургия ,"Лимфома (b-клеточная лимфома)
                        щитовидной железы"
https://bookinghealth.ru/clinics/treatment/surgery/germany,Хирургия ,Лимфома желудка (Malt-лимфома)
https://bookinghealth.ru/clinics/treatment/surgery/germany,Хирургия ,Метастазы в печень
https://bookinghealth.ru/clinics/treatment/surgery/germany,Хирургия ,Недержание кала
https://bookinghealth.ru/clinics/treatment/surgery/germany,Хирургия ,"Нейробластома
                        (ганглионейробластома)"
https://bookinghealth.ru/clinics/treatment/surgery/germany,Хирургия ,Некроз печени
https://bookinghealth.ru/clinics/treatment/surgery/germany,Хирургия ,Остеохондрома
https://bookinghealth.ru/clinics/treatment/surgery/germany,Хирургия ,"Острый
                        панкреатит с панкреонекрозом"
https://bookinghealth.ru/clinics/treatment/surgery/germany,Хирургия ,Парапроктит
https://bookinghealth.ru/clinics/treatment/surgery/germany,Хирургия ,"Парастомальная
                        (колостомическая) грыжа"
https://bookinghealth.ru/clinics/treatment/surgery/germany,Хирургия ,Паховая грыжа
https://bookinghealth.ru/clinics/treatment/surgery/germany,Хирургия ,Перианальный абсцесс
https://bookinghealth.ru/clinics/treatment/surgery/germany,Хирургия ,Перианальный тромбоз
https://bookinghealth.ru/clinics/treatment/surgery/germany,Хирургия ,Полипы желудка
https://bookinghealth.ru/clinics/treatment/surgery/germany,Хирургия ,Прободная язва желудка
https://bookinghealth.ru/clinics/treatment/surgery/germany,Хирургия ,"Псевдокиста поджелудочной
                        железы"
https://bookinghealth.ru/clinics/treatment/surgery/germany,Хирургия ,Пупочная грыжа
https://bookinghealth.ru/clinics/treatment/surgery/germany,Хирургия ,"Рак (карциноид)
                        тонкого кишечника со стенозом"
https://bookinghealth.ru/clinics/treatment/surgery/germany,Хирургия ,Рак двенадцатиперстной кишки
https://bookinghealth.ru/clinics/treatment/surgery/germany,Хирургия ,Рак желудка
https://bookinghealth.ru/clinics/treatment/surgery/germany,Хирургия ,"Рак
                        желчных протоков (Холангиокарцинома)"
https://bookinghealth.ru/clinics/treatment/surgery/germany,Хирургия ,Рак печени
https://bookinghealth.ru/clinics/treatment/surgery/germany,Хирургия ,Рак пищевода
https://bookinghealth.ru/clinics/treatment/surgery/germany,Хирургия ,Рак поджелудочной железы
https://bookinghealth.ru/clinics/treatment/surgery/germany,Хирургия ,Рак прямой кишки
https://bookinghealth.ru/clinics/treatment/surgery/germany,Хирургия ,Рак толстого кишечника
https://bookinghealth.ru/clinics/treatment/surgery/germany,Хирургия ,Рак щитовидной железы
https://bookinghealth.ru/clinics/treatment/surgery/germany,Хирургия ,Рак яичника
https://bookinghealth.ru/clinics/treatment/surgery/germany,Хирургия ,Расширенные вены пищевода
https://bookinghealth.ru/clinics/treatment/surgery/germany,Хирургия ,Рефлюкс-эзофагит
https://bookinghealth.ru/clinics/treatment/surgery/germany,Хирургия ,Синдром Меллори Вейса
https://bookinghealth.ru/clinics/treatment/surgery/germany,Хирургия ,Спаечная болезнь
https://bookinghealth.ru/clinics/treatment/surgery/germany,Хирургия ,Стеноз привратника
https://bookinghealth.ru/clinics/treatment/surgery/germany,Хирургия ,Сфероцитоз
https://bookinghealth.ru/clinics/treatment/surgery/germany,Хирургия ,Узловой зоб
https://bookinghealth.ru/clinics/treatment/surgery/germany,Хирургия ,Фибросаркома детей
https://bookinghealth.ru/clinics/treatment/surgery/germany,Хирургия ,Фибросаркома детей
https://bookinghealth.ru/clinics/treatment/surgery/germany,Хирургия ,Холецистит
https://bookinghealth.ru/clinics/treatment/surgery/germany,Хирургия ,Хондробластома
https://bookinghealth.ru/clinics/treatment/surgery/germany,Хирургия ,Хордома
https://bookinghealth.ru/clinics/treatment/surgery/germany,Хирургия ,Цистоцеле и ректоцеле
https://bookinghealth.ru/clinics/treatment/surgery/germany,Хирургия ,Энтероцеле
https://bookinghealth.ru/clinics/treatment/surgery/germany,Хирургия ,Эпигастральная грыжа
https://bookinghealth.ru/clinics/treatment/surgery/germany,Хирургия ,Эхинококкоз печени
https://bookinghealth.ru/clinics/treatment/surgery/germany,Хирургия ,"Ювенильная
                        назофарингеальная ангиофиброма"
https://bookinghealth.ru/clinics/treatment/surgery/germany,Хирургия ,Язвенный колит
https://bookinghealth.ru/clinics/treatment/obesity/germany,Хирургия ожирения ,"Избыток веса (ожирение) в области
                        живота"
https://bookinghealth.ru/clinics/treatment/obesity/germany,Хирургия ожирения ,Ожирение (избыток веса)
https://bookinghealth.ru/clinics/treatment/neurosurgery-headless/germany,"Хирургия
        позвоночника ",Сколиоз
https://bookinghealth.ru/clinics/treatment/hand-surgery/germany,Хирургия руки ,Акушерский паралич Эрба
https://bookinghealth.ru/clinics/treatment/hand-surgery/germany,Хирургия руки ,"Детский
                        дигитальный фиброматоз кистей"
https://bookinghealth.ru/clinics/treatment/hand-surgery/germany,Хирургия руки ,Контрактура Дюпюитрена
https://bookinghealth.ru/clinics/treatment/hand-surgery/germany,Хирургия руки ,Синдром карпального канала
https://bookinghealth.ru/clinics/treatment/hand-surgery/germany,Хирургия руки ,"Эпикондилит локтевого
                        сустава (локоть теннисиста)"
https://bookinghealth.ru/clinics/treatment/foot-surgery/germany,Хирургия стопы ,Артроз голеностопного сустава
https://bookinghealth.ru/clinics/treatment/foot-surgery/germany,Хирургия стопы ,Деформация Хаглунда
https://bookinghealth.ru/clinics/treatment/foot-surgery/germany,Хирургия стопы ,"Импиджмент-синдром
                        голеностопного сустава"
https://bookinghealth.ru/clinics/treatment/foot-surgery/germany,Хирургия стопы ,"Косолапость у
                        детей"
https://bookinghealth.ru/clinics/treatment/foot-surgery/germany,Хирургия стопы ,"Нестабильность голеностопного
                        сустава"
https://bookinghealth.ru/clinics/treatment/foot-surgery/germany,Хирургия стопы ,Разрыв ахиллова сухожилия
https://bookinghealth.ru/clinics/treatment/foot-surgery/germany,Хирургия стопы ,"Растяжение и повреждение
                        связок голеностопного сустава"
https://bookinghealth.ru/clinics/treatment/foot-surgery/germany,Хирургия стопы ,"Тендинит или бурсит
                        ахиллова сухожилия"
https://bookinghealth.ru/clinics/treatment/foot-surgery/germany,Хирургия стопы ,"Халюс
                        вальгус (косточки на ногах)"
https://bookinghealth.ru/clinics/treatment/oral-and-maxillofacial-surgery/germany,"Челюстно-лицевая
        хирургия ","Рабдомиосаркома
                        орбиты"
https://bookinghealth.ru/clinics/treatment/oral-and-maxillofacial-surgery/germany,"Челюстно-лицевая
        хирургия ",Рак ротовой полости
https://bookinghealth.ru/clinics/treatment/endocrinology/germany,Эндокринология ,"Адренолейкодистрофия
                        (болезнь Аддиссона)"
https://bookinghealth.ru/clinics/treatment/endocrinology/germany,Эндокринология ,"Аутоиммунный
                        тиреоидит (тиреоидит Хашимото)"
https://bookinghealth.ru/clinics/treatment/endocrinology/germany,Эндокринология ,"Врожденные
                        пороки развития эндокринных желез"
https://bookinghealth.ru/clinics/treatment/endocrinology/germany,Эндокринология ,Гинекомастия у мужчин
https://bookinghealth.ru/clinics/treatment/endocrinology/germany,Эндокринология ,"Гипертония
                        вследствие заболеваний эндокринной системы"
https://bookinghealth.ru/clinics/treatment/endocrinology/germany,Эндокринология ,Гипертрихоз у мужчин
https://bookinghealth.ru/clinics/treatment/endocrinology/germany,Эндокринология ,"Гипогонадизм
                        (недостаточность яичек у мужчин)"
https://bookinghealth.ru/clinics/treatment/endocrinology/germany,Эндокринология ,Гипотериоз
https://bookinghealth.ru/clinics/treatment/endocrinology/germany,Эндокринология ,Гипофизарный Нанизм
https://bookinghealth.ru/clinics/treatment/endocrinology/germany,Эндокринология ,Гирсутизм у женщин
https://bookinghealth.ru/clinics/treatment/endocrinology/germany,Эндокринология ,"Гормональные
                        нарушения у женщин при гирсутизме"
https://bookinghealth.ru/clinics/treatment/endocrinology/germany,Эндокринология ,"Гормональные
                        нарушения у женщин при менопаузе"
https://bookinghealth.ru/clinics/treatment/endocrinology/germany,Эндокринология ,"Гормональные
                        нарушения у женщин при половом созревании (предменструальный синдром)"
https://bookinghealth.ru/clinics/treatment/endocrinology/germany,Эндокринология ,"Гормональные
                        нарушения у женщин при синдроме поликистозных яичников"
https://bookinghealth.ru/clinics/treatment/endocrinology/germany,Эндокринология ,"Гормональный сбой у
                        мальчиков в подростковом возрасте"
https://bookinghealth.ru/clinics/treatment/endocrinology/germany,Эндокринология ,Диабетическая стопа
https://bookinghealth.ru/clinics/treatment/endocrinology/germany,Эндокринология ,Метаболический синдром
https://bookinghealth.ru/clinics/treatment/endocrinology/germany,Эндокринология ,Микседема
https://bookinghealth.ru/clinics/treatment/endocrinology/germany,Эндокринология ,Нарушение менструального цикла
https://bookinghealth.ru/clinics/treatment/endocrinology/germany,Эндокринология ,Несахарный диабет
https://bookinghealth.ru/clinics/treatment/endocrinology/germany,Эндокринология ,Облысение
https://bookinghealth.ru/clinics/treatment/endocrinology/germany,Эндокринология ,Остеопороз
https://bookinghealth.ru/clinics/treatment/endocrinology/germany,Эндокринология ,Сахарный диабет тип 1
https://bookinghealth.ru/clinics/treatment/endocrinology/germany,Эндокринология ,Сахарный диабет тип 2
https://bookinghealth.ru/clinics/treatment/endocrinology/germany,Эндокринология ,"Синдром Золлингера —
                        Эллисона"
https://bookinghealth.ru/clinics/treatment/endocrinology/germany,Эндокринология ,Тиреотоксикоз
