href,Campaign,Adgroup,keyword
https://bookinghealth.ru/clinics/treatment/obstetrics/germany,Поисковая сеть. Евразия NEW,Акушерство,Остатки Эмбриональных Тканей И Плодных Оболочек
https://bookinghealth.ru/clinics/treatment/obstetrics/germany,Поисковая сеть. Евразия NEW,Акушерство,Рождение Ребенка
https://bookinghealth.ru/clinics/treatment/obstetrics/germany,Поисковая сеть. Евразия NEW,Акушерство,Роды
https://bookinghealth.ru/clinics/treatment/allergology/germany,Поисковая сеть. Евразия NEW,Аллергология,Аллергический Дерматит 
https://bookinghealth.ru/clinics/treatment/allergology/germany,Поисковая сеть. Евразия NEW,Аллергология,Аллергическая Экзема
https://bookinghealth.ru/clinics/treatment/Gamma-knife/germany,Поисковая сеть. Евразия NEW,Гамма Нож,Артерио-Венозные Мальформации 
https://bookinghealth.ru/clinics/treatment/Gamma-knife/germany,Поисковая сеть. Евразия NEW,Гамма Нож,Авм
https://bookinghealth.ru/clinics/treatment/Gamma-knife/germany,Поисковая сеть. Евразия NEW,Гамма Нож,Герминома Головного Мозга
https://bookinghealth.ru/clinics/treatment/Gamma-knife/germany,Поисковая сеть. Евразия NEW,Гамма Нож,Доброкачественная Опухоль Мозга
https://bookinghealth.ru/clinics/treatment/Gamma-knife/germany,Поисковая сеть. Евразия NEW,Гамма Нож,Невринома Спинного Мозга
https://bookinghealth.ru/clinics/treatment/Gamma-knife/germany,Поисковая сеть. Евразия NEW,Гамма Нож,Сосудистые Образования
https://bookinghealth.ru/clinics/treatment/Gamma-knife/germany,Поисковая сеть. Евразия NEW,Гамма Нож,Ювенильная Назофарингеальная Ангиофиброма
https://bookinghealth.ru/clinics/treatment/gastroenterology/germany,Поисковая сеть. Евразия NEW,Гастроэнтерология,Болезнь Крона
https://bookinghealth.ru/clinics/treatment/gastroenterology/germany,Поисковая сеть. Евразия NEW,Гастроэнтерология,Воспаление Желчевыводящего Протока
https://bookinghealth.ru/clinics/treatment/gastroenterology/germany,Поисковая сеть. Евразия NEW,Гастроэнтерология,Гастрит
https://bookinghealth.ru/clinics/treatment/gastroenterology/germany,Поисковая сеть. Евразия NEW,Гастроэнтерология,Дивертикулит
https://bookinghealth.ru/clinics/treatment/gastroenterology/germany,Поисковая сеть. Евразия NEW,Гастроэнтерология,Дуоденит
https://bookinghealth.ru/clinics/treatment/gastroenterology/germany,Поисковая сеть. Евразия NEW,Гастроэнтерология,Камни Желчных Протоков 
,Поисковая сеть. Евразия NEW,Гастроэнтерология,Холангиолитиаз
https://bookinghealth.ru/clinics/treatment/gastroenterology/germany,Поисковая сеть. Евразия NEW,Гастроэнтерология,Метастазы В Печень
https://bookinghealth.ru/clinics/treatment/gastroenterology/germany,Поисковая сеть. Евразия NEW,Гастроэнтерология,Окклюзия Желчного Протока
https://bookinghealth.ru/clinics/treatment/gastroenterology/germany,Поисковая сеть. Евразия NEW,Гастроэнтерология,Полипы Желудка
https://bookinghealth.ru/clinics/treatment/gastroenterology/germany,Поисковая сеть. Евразия NEW,Гастроэнтерология,Псевдокиста Поджелудочной Железы
https://bookinghealth.ru/clinics/treatment/gastroenterology/germany,Поисковая сеть. Евразия NEW,Гастроэнтерология,Рак Тонкого Кишечника Со Стенозом
,Поисковая сеть. Евразия NEW,Гастроэнтерология,Карциноид Тонкого Кишечника Со Стенозом
https://bookinghealth.ru/clinics/treatment/gastroenterology/germany,Поисковая сеть. Евразия NEW,Гастроэнтерология,Рак Желчных Протоков
,Поисковая сеть. Евразия NEW,Гастроэнтерология,Холангиокарцинома
https://bookinghealth.ru/clinics/treatment/gastroenterology/germany,Поисковая сеть. Евразия NEW,Гастроэнтерология,Рак Пищевода
https://bookinghealth.ru/clinics/treatment/gastroenterology/germany,Поисковая сеть. Евразия NEW,Гастроэнтерология,Рак Поджелудочной Железы
https://bookinghealth.ru/clinics/treatment/gastroenterology/germany,Поисковая сеть. Евразия NEW,Гастроэнтерология,Рак Прямой Кишки
https://bookinghealth.ru/clinics/treatment/gastroenterology/germany,Поисковая сеть. Евразия NEW,Гастроэнтерология,Синдром Золлингера — Эллисона
https://bookinghealth.ru/clinics/treatment/gastroenterology/germany,Поисковая сеть. Евразия NEW,Гастроэнтерология,Стеноз Двенадцатиперстной Кишки
https://bookinghealth.ru/clinics/treatment/gastroenterology/germany,Поисковая сеть. Евразия NEW,Гастроэнтерология,Стеноз Пищевода
https://bookinghealth.ru/clinics/treatment/gastroenterology/germany,Поисковая сеть. Евразия NEW,Гастроэнтерология,Фиброз Печени
https://bookinghealth.ru/clinics/treatment/gastroenterology/germany,Поисковая сеть. Евразия NEW,Гастроэнтерология,Фистула Желчного Протока
https://bookinghealth.ru/clinics/treatment/gastroenterology/germany,Поисковая сеть. Евразия NEW,Гастроэнтерология,Хронический Панкреатит
https://bookinghealth.ru/clinics/treatment/gastroenterology/germany,Поисковая сеть. Евразия NEW,Гастроэнтерология,Цирроз Печени
https://bookinghealth.ru/clinics/treatment/gastroenterology/germany,Поисковая сеть. Евразия NEW,Гастроэнтерология,Эзофагит
https://bookinghealth.ru/clinics/treatment/gastroenterology/germany,Поисковая сеть. Евразия NEW,Гастроэнтерология,Язва Двенадцатиперстной Кишки
https://bookinghealth.ru/clinics/treatment/gastroenterology/germany,Поисковая сеть. Евразия NEW,Гастроэнтерология,Язва Желудка
https://bookinghealth.ru/clinics/treatment/gastroenterology/germany,Поисковая сеть. Евразия NEW,Гастроэнтерология,Язва Пищевода
https://bookinghealth.ru/clinics/treatment/gastroenterology/germany,Поисковая сеть. Евразия NEW,Гастроэнтерология,Язвенный Колит
https://bookinghealth.ru/clinics/treatment/hematology/germany,Поисковая сеть. Евразия NEW,Гематология,Агрессивная Т Клеточная Лимфома
https://bookinghealth.ru/clinics/treatment/hematology/germany,Поисковая сеть. Евразия NEW,Гематология,Апластическая Анемия
https://bookinghealth.ru/clinics/treatment/hematology/germany,Поисковая сеть. Евразия NEW,Гематология,Болезнь Верльгофа
,Поисковая сеть. Евразия NEW,Гематология,Тромбоцитопеническая Пурпура
https://bookinghealth.ru/clinics/treatment/hematology/germany,Поисковая сеть. Евразия NEW,Гематология,Болезнь Виллебранда
https://bookinghealth.ru/clinics/treatment/hematology/germany,Поисковая сеть. Евразия NEW,Гематология,Волосатоклеточный Лейкоз
https://bookinghealth.ru/clinics/treatment/hematology/germany,Поисковая сеть. Евразия NEW,Гематология,Гемофилия A 
,Поисковая сеть. Евразия NEW,Гематология,Гемофилия B 
,Поисковая сеть. Евразия NEW,Гематология,Гемофилия С
https://bookinghealth.ru/clinics/treatment/hematology/germany,Поисковая сеть. Евразия NEW,Гематология,Гемохроматоз
https://bookinghealth.ru/clinics/treatment/hematology/germany,Поисковая сеть. Евразия NEW,Гематология,Лимфома Беркитта
https://bookinghealth.ru/clinics/treatment/hematology/germany,Поисковая сеть. Евразия NEW,Гематология,Миелодиспластический Синдром 
,Поисковая сеть. Евразия NEW,Гематология,Мдс
https://bookinghealth.ru/clinics/treatment/hematology/germany,Поисковая сеть. Евразия NEW,Гематология,Миеломная Болезнь
,Поисковая сеть. Евразия NEW,Гематология,Множественная Миелома
,Поисковая сеть. Евразия NEW,Гематология,Плазмоцитома
https://bookinghealth.ru/clinics/treatment/hematology/germany,Поисковая сеть. Евразия NEW,Гематология,Миелофиброз
https://bookinghealth.ru/clinics/treatment/hematology/germany,Поисковая сеть. Евразия NEW,Гематология,Неходжкинская Лимфома 
,Поисковая сеть. Евразия NEW,Гематология,Нхл
https://bookinghealth.ru/clinics/treatment/hematology/germany,Поисковая сеть. Евразия NEW,Гематология,Острый Лимфобластный Лейкоз
,Поисковая сеть. Евразия NEW,Гематология,Олл
https://bookinghealth.ru/clinics/treatment/hematology/germany,Поисковая сеть. Евразия NEW,Гематология,Острый Миелобластный Лейкоз
,Поисковая сеть. Евразия NEW,Гематология,Омл
https://bookinghealth.ru/clinics/treatment/hematology/germany,Поисковая сеть. Евразия NEW,Гематология,Панцитопения
https://bookinghealth.ru/clinics/treatment/hematology/germany,Поисковая сеть. Евразия NEW,Гематология,Полицитемия Вера
https://bookinghealth.ru/clinics/treatment/hematology/germany,Поисковая сеть. Евразия NEW,Гематология,Пурпура Шенлейна–Геноха
,Поисковая сеть. Евразия NEW,Гематология,Геморрагический Васкулит
https://bookinghealth.ru/clinics/treatment/hematology/germany,Поисковая сеть. Евразия NEW,Гематология,Сфероцитоз
https://bookinghealth.ru/clinics/treatment/hematology/germany,Поисковая сеть. Евразия NEW,Гематология,Т Клеточная Лимфома
https://bookinghealth.ru/clinics/treatment/hematology/germany,Поисковая сеть. Евразия NEW,Гематология,Талассемия
https://bookinghealth.ru/clinics/treatment/hematology/germany,Поисковая сеть. Евразия NEW,Гематология,Ходжкинская Лимфома
,Поисковая сеть. Евразия NEW,Гематология,Лимфогранулематоз
https://bookinghealth.ru/clinics/treatment/hematology/germany,Поисковая сеть. Евразия NEW,Гематология,Хронический Лимфобластный Лейкоз
https://bookinghealth.ru/clinics/treatment/hematology/germany,Поисковая сеть. Евразия NEW,Гематология,Хронический Миелоидный Лейкоз
https://bookinghealth.ru/clinics/treatment/gynecology/germany,Поисковая сеть. Евразия NEW,Гинекология,Абсцесс Бартолиновой Железы
https://bookinghealth.ru/clinics/treatment/gynecology/germany,Поисковая сеть. Евразия NEW,Гинекология,Абсцесс Дугласова Пространства
https://bookinghealth.ru/clinics/treatment/gynecology/germany,Поисковая сеть. Евразия NEW,Гинекология,Атрофия Вульвы
https://bookinghealth.ru/clinics/treatment/gynecology/germany,Поисковая сеть. Евразия NEW,Гинекология,Влагалищно-Пузырный Свищ
https://bookinghealth.ru/clinics/treatment/gynecology/germany,Поисковая сеть. Евразия NEW,Гинекология,Внутриматочные Синехии
,Поисковая сеть. Евразия NEW,Гинекология,Синдром Ашермана
https://bookinghealth.ru/clinics/treatment/gynecology/germany,Поисковая сеть. Евразия NEW,Гинекология,Гиперплазия Эндометрия
https://bookinghealth.ru/clinics/treatment/gynecology/germany,Поисковая сеть. Евразия NEW,Гинекология,Деформация Наружных Половых Органов
https://bookinghealth.ru/clinics/treatment/gynecology/germany,Поисковая сеть. Евразия NEW,Гинекология,Дисгерминома Яичников
https://bookinghealth.ru/clinics/treatment/gynecology/germany,Поисковая сеть. Евразия NEW,Гинекология,Доброкачественная Опухоль Вульвы
https://bookinghealth.ru/clinics/treatment/gynecology/germany,Поисковая сеть. Евразия NEW,Гинекология,Доброкачественные Опухоли Яичников
https://bookinghealth.ru/clinics/treatment/gynecology/germany,Поисковая сеть. Евразия NEW,Гинекология,Злокачественная Тератома Яичников
https://bookinghealth.ru/clinics/treatment/gynecology/germany,Поисковая сеть. Евразия NEW,Гинекология,Интраэпителиальная Неоплазия Вульвы
https://bookinghealth.ru/clinics/treatment/gynecology/germany,Поисковая сеть. Евразия NEW,Гинекология,Киста Бартолиновой Железы
https://bookinghealth.ru/clinics/treatment/gynecology/germany,Поисковая сеть. Евразия NEW,Гинекология,Киста Яичника
https://bookinghealth.ru/clinics/treatment/gynecology/germany,Поисковая сеть. Евразия NEW,Гинекология,Кондилома Вульвы
https://bookinghealth.ru/clinics/treatment/gynecology/germany,Поисковая сеть. Евразия NEW,Гинекология,Миома Матки
https://bookinghealth.ru/clinics/treatment/gynecology/germany,Поисковая сеть. Евразия NEW,Гинекология,Недержание Мочи При Опущении Органов Тазового Дна
https://bookinghealth.ru/clinics/treatment/gynecology/germany,Поисковая сеть. Евразия NEW,Гинекология,Опухоль Бреннера
https://bookinghealth.ru/clinics/treatment/gynecology/germany,Поисковая сеть. Евразия NEW,Гинекология,Опухоль Желточного Мешка Яичника
https://bookinghealth.ru/clinics/treatment/gynecology/germany,Поисковая сеть. Евразия NEW,Гинекология,Пограничные Эпителиальные Опухоли Яичников
https://bookinghealth.ru/clinics/treatment/gynecology/germany,Поисковая сеть. Евразия NEW,Гинекология,Полиэмбриома Яичников
https://bookinghealth.ru/clinics/treatment/gynecology/germany,Поисковая сеть. Евразия NEW,Гинекология,Пролапс (Опущение Матки) Матки
,Поисковая сеть. Евразия NEW,Гинекология,Выпадение Матки
https://bookinghealth.ru/clinics/treatment/gynecology/germany,Поисковая сеть. Евразия NEW,Гинекология,Прямокишечно-Влагалищный Свищ
https://bookinghealth.ru/clinics/treatment/gynecology/germany,Поисковая сеть. Евразия NEW,Гинекология,Рак Вульвы
https://bookinghealth.ru/clinics/treatment/gynecology/germany,Поисковая сеть. Евразия NEW,Гинекология,Рак Шейки Матки
https://bookinghealth.ru/clinics/treatment/gynecology/germany,Поисковая сеть. Евразия NEW,Гинекология,Рак Эндометрия (Рак Матки)
https://bookinghealth.ru/clinics/treatment/gynecology/germany,Поисковая сеть. Евразия NEW,Гинекология,Рак Яичника
https://bookinghealth.ru/clinics/treatment/gynecology/germany,Поисковая сеть. Евразия NEW,Гинекология,Синдром Майера-Рокитанского-Кюстера-Хаузера
https://bookinghealth.ru/clinics/treatment/gynecology/germany,Поисковая сеть. Евразия NEW,Гинекология,Уретровагинальный Свищ
https://bookinghealth.ru/clinics/treatment/gynecology/germany,Поисковая сеть. Евразия NEW,Гинекология,Хориокарцинома
https://bookinghealth.ru/clinics/treatment/gynecology/germany,Поисковая сеть. Евразия NEW,Гинекология,Хронический Параметрит
https://bookinghealth.ru/clinics/treatment/gynecology/germany,Поисковая сеть. Евразия NEW,Гинекология,Цистоцеле И Ректоцеле
https://bookinghealth.ru/clinics/treatment/gynecology/germany,Поисковая сеть. Евразия NEW,Гинекология,Эндометриоз
https://bookinghealth.ru/clinics/treatment/gynecology/germany,Поисковая сеть. Евразия NEW,Гинекология,Эндометриоидная Киста Яичника
https://bookinghealth.ru/clinics/treatment/dermatology/germany,Поисковая сеть. Евразия NEW,Дерматология,Акне
https://bookinghealth.ru/clinics/treatment/dermatology/germany,Поисковая сеть. Евразия NEW,Дерматология,Базалиома
https://bookinghealth.ru/clinics/treatment/dermatology/germany,Поисковая сеть. Евразия NEW,Дерматология,Витилиго
https://bookinghealth.ru/clinics/treatment/dermatology/germany,Поисковая сеть. Евразия NEW,Дерматология,Контактный Дерматит
https://bookinghealth.ru/clinics/treatment/dermatology/germany,Поисковая сеть. Евразия NEW,Дерматология,Липоматоз Кожных Отделов
https://bookinghealth.ru/clinics/treatment/dermatology/germany,Поисковая сеть. Евразия NEW,Дерматология,Меланома
https://bookinghealth.ru/clinics/treatment/dermatology/germany,Поисковая сеть. Евразия NEW,Дерматология,Нейродермит
https://bookinghealth.ru/clinics/treatment/dermatology/germany,Поисковая сеть. Евразия NEW,Дерматология,Опоясывающий Лишай
https://bookinghealth.ru/clinics/treatment/dermatology/germany,Поисковая сеть. Евразия NEW,Дерматология,Псориаз
https://bookinghealth.ru/clinics/treatment/dermatology/germany,Поисковая сеть. Евразия NEW,Дерматология,Рак Кожи
https://bookinghealth.ru/clinics/treatment/infectiology/germany,Поисковая сеть. Евразия NEW,Инфекционные Болезни,Спид (Вич Инфекция)
https://bookinghealth.ru/clinics/treatment/cardiology/germany,Поисковая сеть. Евразия NEW,Кардиология,Атриовентрикулярная Блокада
https://bookinghealth.ru/clinics/treatment/cardiology/germany,Поисковая сеть. Евразия NEW,Кардиология,Атриовентрикулярная Узловая Тахикардия
https://bookinghealth.ru/clinics/treatment/cardiology/germany,Поисковая сеть. Евразия NEW,Кардиология,Блокада Левой Ножки Пучка Гиса (Блнпг)
https://bookinghealth.ru/clinics/treatment/cardiology/germany,Поисковая сеть. Евразия NEW,Кардиология,Брадикардия
https://bookinghealth.ru/clinics/treatment/cardiology/germany,Поисковая сеть. Евразия NEW,Кардиология,Врожденные И Приобретенные Пороки Сердца
https://bookinghealth.ru/clinics/treatment/cardiology/germany,Поисковая сеть. Евразия NEW,Кардиология,Дефект Межжелудочковой Перегородки
https://bookinghealth.ru/clinics/treatment/cardiology/germany,Поисковая сеть. Евразия NEW,Кардиология,Дефект Межпредсердной Перегородки
https://bookinghealth.ru/clinics/treatment/cardiology/germany,Поисковая сеть. Евразия NEW,Кардиология,Дилатационная И Ишемическая Кардиомиопатия
https://bookinghealth.ru/clinics/treatment/cardiology/germany,Поисковая сеть. Евразия NEW,Кардиология,"Ибс, Стенокардия"
https://bookinghealth.ru/clinics/treatment/cardiology/germany,Поисковая сеть. Евразия NEW,Кардиология,Инфаркт Миокарда
https://bookinghealth.ru/clinics/treatment/cardiology/germany,Поисковая сеть. Евразия NEW,Кардиология,Коарктация Аорты
https://bookinghealth.ru/clinics/treatment/cardiology/germany,Поисковая сеть. Евразия NEW,Кардиология,Коронарная Недостаточность
https://bookinghealth.ru/clinics/treatment/cardiology/germany,Поисковая сеть. Евразия NEW,Кардиология,Мерцание (Трепетание Предсердий) Предсердий
https://bookinghealth.ru/clinics/treatment/cardiology/germany,Поисковая сеть. Евразия NEW,Кардиология,Миокардит
https://bookinghealth.ru/clinics/treatment/cardiology/germany,Поисковая сеть. Евразия NEW,Кардиология,Перикардит
https://bookinghealth.ru/clinics/treatment/cardiology/germany,Поисковая сеть. Евразия NEW,Кардиология,Пульмональная Гипертония
https://bookinghealth.ru/clinics/treatment/cardiology/germany,Поисковая сеть. Евразия NEW,Кардиология,Пульмональная Гипертония С Острой Сердечной Недостаточностью
https://bookinghealth.ru/clinics/treatment/cardiology/germany,Поисковая сеть. Евразия NEW,Кардиология,Сердечная Недостаточность
https://bookinghealth.ru/clinics/treatment/cardiology/germany,Поисковая сеть. Евразия NEW,Кардиология,Синдром Вольфа-Паркинсона-Уайта (Синдром Преждевременного Возбуждения Желудочков)
https://bookinghealth.ru/clinics/treatment/cardiology/germany,Поисковая сеть. Евразия NEW,Кардиология,Синдром Морганьи-Адам-Стокса (Мас) При Брадиаритмии
https://bookinghealth.ru/clinics/treatment/cardiology/germany,Поисковая сеть. Евразия NEW,Кардиология,Синдром Каротидного Синуса
https://bookinghealth.ru/clinics/treatment/cardiology/germany,Поисковая сеть. Евразия NEW,Кардиология,Синдром Слабости Синусового Узла (Сссу)
https://bookinghealth.ru/clinics/treatment/cardiology/germany,Поисковая сеть. Евразия NEW,Кардиология,Синдром Удлиненного Интервала Qt
https://bookinghealth.ru/clinics/treatment/cardiology/germany,Поисковая сеть. Евразия NEW,Кардиология,Стеноз Аортального Клапана
https://bookinghealth.ru/clinics/treatment/cardiology/germany,Поисковая сеть. Евразия NEW,Кардиология,Стеноз Клапана Лёгочной Артерии
https://bookinghealth.ru/clinics/treatment/cardiology/germany,Поисковая сеть. Евразия NEW,Кардиология,Стеноз Митрального Клапана
https://bookinghealth.ru/clinics/treatment/cardiology/germany,Поисковая сеть. Евразия NEW,Кардиология,Трепетание Желудочков
https://bookinghealth.ru/clinics/treatment/cardiology/germany,Поисковая сеть. Евразия NEW,Кардиология,Эндокардит
https://bookinghealth.ru/clinics/treatment/cardiology/germany,Поисковая сеть. Евразия NEW,Кардиология,Эссециальная Гипертония
https://bookinghealth.ru/clinics/treatment/cardiosurgery/germany,Поисковая сеть. Евразия NEW,Кардиохирургия,Аневризма Левого Желудочка
https://bookinghealth.ru/clinics/treatment/cardiosurgery/germany,Поисковая сеть. Евразия NEW,Кардиохирургия,Аномальный Дренаж Легочных Вен (Полный Аномальный Дренаж Легочных Вен)
https://bookinghealth.ru/clinics/treatment/cardiosurgery/germany,Поисковая сеть. Евразия NEW,Кардиохирургия,Врожденные И Приобретенные Пороки Сердца
https://bookinghealth.ru/clinics/treatment/cardiosurgery/germany,Поисковая сеть. Евразия NEW,Кардиохирургия,Дефект Межжелудочковой Перегородки
https://bookinghealth.ru/clinics/treatment/cardiosurgery/germany,Поисковая сеть. Евразия NEW,Кардиохирургия,Дефект Межпредсердной Перегородки
https://bookinghealth.ru/clinics/treatment/cardiosurgery/germany,Поисковая сеть. Евразия NEW,Кардиохирургия,Дефект Межпредсердной Перегородки После Инфаркта Миокарда
https://bookinghealth.ru/clinics/treatment/cardiosurgery/germany,Поисковая сеть. Евразия NEW,Кардиохирургия,"Ибс, Стенокардия"
https://bookinghealth.ru/clinics/treatment/cardiosurgery/germany,Поисковая сеть. Евразия NEW,Кардиохирургия,Инфаркт Миокарда
https://bookinghealth.ru/clinics/treatment/cardiosurgery/germany,Поисковая сеть. Евразия NEW,Кардиохирургия,Коарктация Аорты
https://bookinghealth.ru/clinics/treatment/cardiosurgery/germany,Поисковая сеть. Евразия NEW,Кардиохирургия,Мерцание (Трепетание Предсердий) Предсердий
https://bookinghealth.ru/clinics/treatment/cardiosurgery/germany,Поисковая сеть. Евразия NEW,Кардиохирургия,Недостаточность Аортального Клапана
https://bookinghealth.ru/clinics/treatment/cardiosurgery/germany,Поисковая сеть. Евразия NEW,Кардиохирургия,Недостаточность Клапана Лёгочной Артерии
https://bookinghealth.ru/clinics/treatment/cardiosurgery/germany,Поисковая сеть. Евразия NEW,Кардиохирургия,Недостаточность Митрального Клапана
https://bookinghealth.ru/clinics/treatment/cardiosurgery/germany,Поисковая сеть. Евразия NEW,Кардиохирургия,Недостаточность Трехстворчатого (Недостаточность Трикуспидального Клапана) Клапана
https://bookinghealth.ru/clinics/treatment/cardiosurgery/germany,Поисковая сеть. Евразия NEW,Кардиохирургия,Порок Антриовентрикулярного Клапана
https://bookinghealth.ru/clinics/treatment/cardiosurgery/germany,Поисковая сеть. Евразия NEW,Кардиохирургия,Синдром Вольфа-Паркинсона-Уайта (Синдром Преждевременного Возбуждения Желудочков)
https://bookinghealth.ru/clinics/treatment/cardiosurgery/germany,Поисковая сеть. Евразия NEW,Кардиохирургия,Стеноз Аортального Клапана
https://bookinghealth.ru/clinics/treatment/cardiosurgery/germany,Поисковая сеть. Евразия NEW,Кардиохирургия,Стеноз Клапана Лёгочной Артерии
https://bookinghealth.ru/clinics/treatment/cardiosurgery/germany,Поисковая сеть. Евразия NEW,Кардиохирургия,Стеноз Митрального Клапана
https://bookinghealth.ru/clinics/treatment/cardiosurgery/germany,Поисковая сеть. Евразия NEW,Кардиохирургия,Стеноз Трехстворчатого (Стеноз Трикуспидального Клапана) Клапана
https://bookinghealth.ru/clinics/treatment/cardiosurgery/germany,Поисковая сеть. Евразия NEW,Кардиохирургия,Тетрада Фалло
https://bookinghealth.ru/clinics/treatment/cyber-knife-/germany,Поисковая сеть. Евразия NEW,Кибер Нож,Герминома Головного Мозга
https://bookinghealth.ru/clinics/treatment/cyber-knife-/germany,Поисковая сеть. Евразия NEW,Кибер Нож,Злокачественный Рак (Опухоль)
https://bookinghealth.ru/clinics/treatment/radiotherapy/germany,Поисковая сеть. Евразия NEW,Лучевая Терапия,Астроцитома Головного Мозга
https://bookinghealth.ru/clinics/treatment/radiotherapy/germany,Поисковая сеть. Евразия NEW,Лучевая Терапия,Дисгерминома Яичников
https://bookinghealth.ru/clinics/treatment/radiotherapy/germany,Поисковая сеть. Евразия NEW,Лучевая Терапия,Злокачественная Опухоль Средостения
https://bookinghealth.ru/clinics/treatment/radiotherapy/germany,Поисковая сеть. Евразия NEW,Лучевая Терапия,Менингиома Головного Мозга
https://bookinghealth.ru/clinics/treatment/radiotherapy/germany,Поисковая сеть. Евразия NEW,Лучевая Терапия,Нейробластома (Ганглионейробластома)
https://bookinghealth.ru/clinics/treatment/radiotherapy/germany,Поисковая сеть. Евразия NEW,Лучевая Терапия,Нефробластома (Опухоль Вильмса)
https://bookinghealth.ru/clinics/treatment/radiotherapy/germany,Поисковая сеть. Евразия NEW,Лучевая Терапия,Неходжкинская Лимфома (Нхл)
https://bookinghealth.ru/clinics/treatment/radiotherapy/germany,Поисковая сеть. Евразия NEW,Лучевая Терапия,Острый Лимфобластный Лейкоз (Олл)
https://bookinghealth.ru/clinics/treatment/radiotherapy/germany,Поисковая сеть. Евразия NEW,Лучевая Терапия,Острый Миелобластный Лейкоз (Омл)
https://bookinghealth.ru/clinics/treatment/radiotherapy/germany,Поисковая сеть. Евразия NEW,Лучевая Терапия,Рабдомиосаркома Орбиты
https://bookinghealth.ru/clinics/treatment/radiotherapy/germany,Поисковая сеть. Евразия NEW,Лучевая Терапия,Рак Гортани
https://bookinghealth.ru/clinics/treatment/radiotherapy/germany,Поисковая сеть. Евразия NEW,Лучевая Терапия,Рак Лёгкого
https://bookinghealth.ru/clinics/treatment/radiotherapy/germany,Поисковая сеть. Евразия NEW,Лучевая Терапия,Рак Молочной Железы (Рак Груди)
https://bookinghealth.ru/clinics/treatment/radiotherapy/germany,Поисковая сеть. Евразия NEW,Лучевая Терапия,Рак Надпочечника (Рак Коры Надпочечника)
https://bookinghealth.ru/clinics/treatment/radiotherapy/germany,Поисковая сеть. Евразия NEW,Лучевая Терапия,Рак Пищевода
https://bookinghealth.ru/clinics/treatment/radiotherapy/germany,Поисковая сеть. Евразия NEW,Лучевая Терапия,Рак Предстательной Железы (Рак Простаты)
https://bookinghealth.ru/clinics/treatment/radiotherapy/germany,Поисковая сеть. Евразия NEW,Лучевая Терапия,Рак Трахеи
https://bookinghealth.ru/clinics/treatment/radiotherapy/germany,Поисковая сеть. Евразия NEW,Лучевая Терапия,Ретинобластома
https://bookinghealth.ru/clinics/treatment/radiotherapy/germany,Поисковая сеть. Евразия NEW,Лучевая Терапия,Саркома Мягких Тканей
https://bookinghealth.ru/clinics/treatment/radiotherapy/germany,Поисковая сеть. Евразия NEW,Лучевая Терапия,Светлоклеточная Саркома Почки
https://bookinghealth.ru/clinics/treatment/radiotherapy/germany,Поисковая сеть. Евразия NEW,Лучевая Терапия,Семинома
https://bookinghealth.ru/clinics/treatment/radiotherapy/germany,Поисковая сеть. Евразия NEW,Лучевая Терапия,Фибросаркома Детей
https://bookinghealth.ru/clinics/treatment/radiotherapy/germany,Поисковая сеть. Евразия NEW,Лучевая Терапия,Ходжкинская Лимфома (Лимфогранулематоз)
https://bookinghealth.ru/clinics/treatment/radiotherapy/germany,Поисковая сеть. Евразия NEW,Лучевая Терапия,Эпендимобластома
https://bookinghealth.ru/clinics/treatment/radiotherapy/germany,Поисковая сеть. Евразия NEW,Лучевая Терапия,Эпендимома
https://bookinghealth.ru/clinics/treatment/radiotherapy/germany,Поисковая сеть. Евразия NEW,Лучевая Терапия,Эпиндимома
https://bookinghealth.ru/clinics/treatment/radiotherapy/germany,Поисковая сеть. Евразия NEW,Лучевая Терапия,Ювенильная Назофарингеальная Ангиофиброма
https://bookinghealth.ru/clinics/treatment/mammalogy/germany,Поисковая сеть. Евразия NEW,Маммология,Абсцесс Молочный Железы
https://bookinghealth.ru/clinics/treatment/mammalogy/germany,Поисковая сеть. Евразия NEW,Маммология,Гипоплазия (Атрофия Молочной Железы) Молочной Железы
https://bookinghealth.ru/clinics/treatment/mammalogy/germany,Поисковая сеть. Евразия NEW,Маммология,Гипоплазия (Недоразвитие Молочной Железы) Молочной Железы
https://bookinghealth.ru/clinics/treatment/mammalogy/germany,Поисковая сеть. Евразия NEW,Маммология,Киста Молочной Железы
https://bookinghealth.ru/clinics/treatment/mammalogy/germany,Поисковая сеть. Евразия NEW,Маммология,Мастопатия Молочной Железы
https://bookinghealth.ru/clinics/treatment/mammalogy/germany,Поисковая сеть. Евразия NEW,Маммология,Микрокальцинаты Молочных Желез
https://bookinghealth.ru/clinics/treatment/mammalogy/germany,Поисковая сеть. Евразия NEW,Маммология,Некроз Жировой Ткани Молочной Железы
https://bookinghealth.ru/clinics/treatment/mammalogy/germany,Поисковая сеть. Евразия NEW,Маммология,Опухоль Молочной Железы
https://bookinghealth.ru/clinics/treatment/mammalogy/germany,Поисковая сеть. Евразия NEW,Маммология,Рак Молочной Железы (Рак Груди)
https://bookinghealth.ru/clinics/treatment/male-infertility/germany,Поисковая сеть. Евразия NEW,Мужское Бесплодие,Эректильная дисфункция
https://bookinghealth.ru/clinics/treatment/male-infertility/germany,Поисковая сеть. Евразия NEW,Мужское Бесплодие,Женское Бесплодие
https://bookinghealth.ru/clinics/treatment/neurology/germany,Поисковая сеть. Евразия NEW,Неврология,Боковой Амиотрофический Склероз (Бас)
https://bookinghealth.ru/clinics/treatment/neurology/germany,Поисковая сеть. Евразия NEW,Неврология,Болезнь Альцгеймера
https://bookinghealth.ru/clinics/treatment/neurology/germany,Поисковая сеть. Евразия NEW,Неврология,Болезнь Паркинсона
https://bookinghealth.ru/clinics/treatment/neurology/germany,Поисковая сеть. Евразия NEW,Неврология,Головокружение
https://bookinghealth.ru/clinics/treatment/neurology/germany,Поисковая сеть. Евразия NEW,Неврология,Диабетическая Полиневропатия
https://bookinghealth.ru/clinics/treatment/neurology/germany,Поисковая сеть. Евразия NEW,Неврология,Заболевание Центральной Нервной Системы (Цнс Неясной Этиологии) Неясной Этиологии
https://bookinghealth.ru/clinics/treatment/neurology/germany,Поисковая сеть. Евразия NEW,Неврология,Инсульт
https://bookinghealth.ru/clinics/treatment/neurology/germany,Поисковая сеть. Евразия NEW,Неврология,Менингит
https://bookinghealth.ru/clinics/treatment/neurology/germany,Поисковая сеть. Евразия NEW,Неврология,Менингоэнцефалит
https://bookinghealth.ru/clinics/treatment/neurology/germany,Поисковая сеть. Евразия NEW,Неврология,Миастения
https://bookinghealth.ru/clinics/treatment/neurology/germany,Поисковая сеть. Евразия NEW,Неврология,Мигрень (Головная Боль)
https://bookinghealth.ru/clinics/treatment/neurology/germany,Поисковая сеть. Евразия NEW,Неврология,Мышечная Дистрофия Дюшенна
https://bookinghealth.ru/clinics/treatment/neurology/germany,Поисковая сеть. Евразия NEW,Неврология,Невралгия Тройничного Нерва
https://bookinghealth.ru/clinics/treatment/neurology/germany,Поисковая сеть. Евразия NEW,Неврология,Остеохондроз Позвоночника
https://bookinghealth.ru/clinics/treatment/neurology/germany,Поисковая сеть. Евразия NEW,Неврология,Парез Лицевого Нерва
https://bookinghealth.ru/clinics/treatment/neurology/germany,Поисковая сеть. Евразия NEW,Неврология,Полиневропатия
https://bookinghealth.ru/clinics/treatment/neurology/germany,Поисковая сеть. Евразия NEW,Неврология,Радикулит
https://bookinghealth.ru/clinics/treatment/neurology/germany,Поисковая сеть. Евразия NEW,Неврология,Рассеянный Склероз
https://bookinghealth.ru/clinics/treatment/neurology/germany,Поисковая сеть. Евразия NEW,Неврология,Синдром Гийена-Барре
https://bookinghealth.ru/clinics/treatment/neurology/germany,Поисковая сеть. Евразия NEW,Неврология,Синдром Беспокойных Ног
https://bookinghealth.ru/clinics/treatment/neurology/germany,Поисковая сеть. Евразия NEW,Неврология,Сирингомиелия
https://bookinghealth.ru/clinics/treatment/neurology/germany,Поисковая сеть. Евразия NEW,Неврология,Хорея Гентингтона
https://bookinghealth.ru/clinics/treatment/neurology/germany,Поисковая сеть. Евразия NEW,Неврология,Цереброваскулярная Болезнь
https://bookinghealth.ru/clinics/treatment/neurology/germany,Поисковая сеть. Евразия NEW,Неврология,Эпилепсия
https://bookinghealth.ru/clinics/treatment/neurorehabilitation/germany,Поисковая сеть. Евразия NEW,Нейрореабилитация,Нейрореабилитация (Неврологическая Реабилитация)
https://bookinghealth.ru/clinics/treatment/neurosurgery/germany,Поисковая сеть. Евразия NEW,Нейрохирургия,Аденома Гипофиза
https://bookinghealth.ru/clinics/treatment/neurosurgery/germany,Поисковая сеть. Евразия NEW,Нейрохирургия,Акромегалия
https://bookinghealth.ru/clinics/treatment/neurosurgery/germany,Поисковая сеть. Евразия NEW,Нейрохирургия,Ангиома Головного Мозга
https://bookinghealth.ru/clinics/treatment/neurosurgery/germany,Поисковая сеть. Евразия NEW,Нейрохирургия,Аневризма Сосудов Головного Мозга
https://bookinghealth.ru/clinics/treatment/neurosurgery/germany,Поисковая сеть. Евразия NEW,Нейрохирургия,Артерио-Венозные Мальформации (Авм)
https://bookinghealth.ru/clinics/treatment/neurosurgery/germany,Поисковая сеть. Евразия NEW,Нейрохирургия,Артроз Межпозвонковых Суставов (Фасеточный Синдром)
https://bookinghealth.ru/clinics/treatment/neurosurgery/germany,Поисковая сеть. Евразия NEW,Нейрохирургия,Астроцитома Головного Мозга
https://bookinghealth.ru/clinics/treatment/neurosurgery/germany,Поисковая сеть. Евразия NEW,Нейрохирургия,Болевой Синдром После Операций На Позвоночнике
https://bookinghealth.ru/clinics/treatment/neurosurgery/germany,Поисковая сеть. Евразия NEW,Нейрохирургия,Болезнь Бехтерева
https://bookinghealth.ru/clinics/treatment/neurosurgery/germany,Поисковая сеть. Евразия NEW,Нейрохирургия,Болезнь Паркинсона
https://bookinghealth.ru/clinics/treatment/neurosurgery/germany,Поисковая сеть. Евразия NEW,Нейрохирургия,Болезнь Мойя-Мойя
https://bookinghealth.ru/clinics/treatment/neurosurgery/germany,Поисковая сеть. Евразия NEW,Нейрохирургия,Гемангиома Головного Мозга
https://bookinghealth.ru/clinics/treatment/neurosurgery/germany,Поисковая сеть. Евразия NEW,Нейрохирургия,Герминома Головного Мозга
https://bookinghealth.ru/clinics/treatment/neurosurgery/germany,Поисковая сеть. Евразия NEW,Нейрохирургия,Гидроцефалия
https://bookinghealth.ru/clinics/treatment/neurosurgery/germany,Поисковая сеть. Евразия NEW,Нейрохирургия,Глиобластома (Рак Мозга)
https://bookinghealth.ru/clinics/treatment/neurosurgery/germany,Поисковая сеть. Евразия NEW,Нейрохирургия,Грыжа Межпозвоночного Диска
https://bookinghealth.ru/clinics/treatment/neurosurgery/germany,Поисковая сеть. Евразия NEW,Нейрохирургия,Дефект Костей Черепа
https://bookinghealth.ru/clinics/treatment/neurosurgery/germany,Поисковая сеть. Евразия NEW,Нейрохирургия,Злокачественная Опухоль Спинного Мозга (Эпиндимома)
https://bookinghealth.ru/clinics/treatment/neurosurgery/germany,Поисковая сеть. Евразия NEW,Нейрохирургия,Интрамедуллярная Гематома Спинного Мозга
https://bookinghealth.ru/clinics/treatment/neurosurgery/germany,Поисковая сеть. Евразия NEW,Нейрохирургия,Кавернома Головного Мозга
https://bookinghealth.ru/clinics/treatment/neurosurgery/germany,Поисковая сеть. Евразия NEW,Нейрохирургия,Мальформация Головного Мозга
https://bookinghealth.ru/clinics/treatment/neurosurgery/germany,Поисковая сеть. Евразия NEW,Нейрохирургия,Медуллобластома
https://bookinghealth.ru/clinics/treatment/neurosurgery/germany,Поисковая сеть. Евразия NEW,Нейрохирургия,Менингиома Головного Мозга
https://bookinghealth.ru/clinics/treatment/neurosurgery/germany,Поисковая сеть. Евразия NEW,Нейрохирургия,Менингиома Спинного Мозга
https://bookinghealth.ru/clinics/treatment/neurosurgery/germany,Поисковая сеть. Евразия NEW,Нейрохирургия,Менингоцеле (Ликворная Подушка)
https://bookinghealth.ru/clinics/treatment/neurosurgery/germany,Поисковая сеть. Евразия NEW,Нейрохирургия,Невралгия Тройничного Нерва
https://bookinghealth.ru/clinics/treatment/neurosurgery/germany,Поисковая сеть. Евразия NEW,Нейрохирургия,Невринома Слухового Нерва
https://bookinghealth.ru/clinics/treatment/neurosurgery/germany,Поисковая сеть. Евразия NEW,Нейрохирургия,Невринома Спинного Мозга
https://bookinghealth.ru/clinics/treatment/neurosurgery/germany,Поисковая сеть. Евразия NEW,Нейрохирургия,Повреждение Периферических Нервов
https://bookinghealth.ru/clinics/treatment/neurosurgery/germany,Поисковая сеть. Евразия NEW,Нейрохирургия,Пролактинома (Гиперпролактинемия)
https://bookinghealth.ru/clinics/treatment/neurosurgery/germany,Поисковая сеть. Евразия NEW,Нейрохирургия,Сирингомиелия
https://bookinghealth.ru/clinics/treatment/neurosurgery/germany,Поисковая сеть. Евразия NEW,Нейрохирургия,Сколиоз
https://bookinghealth.ru/clinics/treatment/neurosurgery/germany,Поисковая сеть. Евразия NEW,Нейрохирургия,Спастический Синдром
https://bookinghealth.ru/clinics/treatment/neurosurgery/germany,Поисковая сеть. Евразия NEW,Нейрохирургия,Стеноз Позвоночного (Стеноз Спинального Канала) Канала
https://bookinghealth.ru/clinics/treatment/neurosurgery/germany,Поисковая сеть. Евразия NEW,Нейрохирургия,Субдуральная Гематома Головного Мозга
https://bookinghealth.ru/clinics/treatment/neurosurgery/germany,Поисковая сеть. Евразия NEW,Нейрохирургия,Субдуральная Эмпиема
https://bookinghealth.ru/clinics/treatment/neurosurgery/germany,Поисковая сеть. Евразия NEW,Нейрохирургия,Хордома
https://bookinghealth.ru/clinics/treatment/neurosurgery/germany,Поисковая сеть. Евразия NEW,Нейрохирургия,Хордома Основания Черепа
https://bookinghealth.ru/clinics/treatment/neurosurgery/germany,Поисковая сеть. Евразия NEW,Нейрохирургия,Хронический Спинальный Болевой Синдром
https://bookinghealth.ru/clinics/treatment/neurosurgery/germany,Поисковая сеть. Евразия NEW,Нейрохирургия,Цервикальная Дистония
https://bookinghealth.ru/clinics/treatment/neurosurgery/germany,Поисковая сеть. Евразия NEW,Нейрохирургия,Эмпиема Спинного Мозга
https://bookinghealth.ru/clinics/treatment/neurosurgery/germany,Поисковая сеть. Евразия NEW,Нейрохирургия,Эпендимобластома
https://bookinghealth.ru/clinics/treatment/neurosurgery/germany,Поисковая сеть. Евразия NEW,Нейрохирургия,Эпендимома
https://bookinghealth.ru/clinics/treatment/neurosurgery/germany,Поисковая сеть. Евразия NEW,Нейрохирургия,Эпилепсия
https://bookinghealth.ru/clinics/treatment/neurosurgery/germany,Поисковая сеть. Евразия NEW,Нейрохирургия,Эпиндимома
https://bookinghealth.ru/clinics/treatment/nefrology/germany,Поисковая сеть. Евразия NEW,Нефрология,Гематурия
https://bookinghealth.ru/clinics/treatment/nefrology/germany,Поисковая сеть. Евразия NEW,Нефрология,Гломерулонефрит (Нефропатия)
https://bookinghealth.ru/clinics/treatment/nefrology/germany,Поисковая сеть. Евразия NEW,Нефрология,Интерстициальный (Межуточный Нефрит) Нефрит
https://bookinghealth.ru/clinics/treatment/nefrology/germany,Поисковая сеть. Евразия NEW,Нефрология,Мочекаменная Болезнь
https://bookinghealth.ru/clinics/treatment/nefrology/germany,Поисковая сеть. Евразия NEW,Нефрология,Пиелонефрит
https://bookinghealth.ru/clinics/treatment/nuclear-medicine/germany,Поисковая сеть. Евразия NEW,Нуклеарная Медицина,Рак Предстательной Железы (Рак Простаты)
https://bookinghealth.ru/clinics/treatment/nuclear-medicine/germany,Поисковая сеть. Евразия NEW,Нуклеарная Медицина,Рак Щитовидной Железы
https://bookinghealth.ru/clinics/treatment/cancer/germany,Поисковая сеть. Евразия NEW,Онкология,Глиобластома (Рак Мозга)
https://bookinghealth.ru/clinics/treatment/cancer/germany,Поисковая сеть. Евразия NEW,Онкология,Дисгерминома Яичников
https://bookinghealth.ru/clinics/treatment/cancer/germany,Поисковая сеть. Евразия NEW,Онкология,Злокачественная Опухоль Средостения
https://bookinghealth.ru/clinics/treatment/cancer/germany,Поисковая сеть. Евразия NEW,Онкология,Злокачественная Тератома Яичек
https://bookinghealth.ru/clinics/treatment/cancer/germany,Поисковая сеть. Евразия NEW,Онкология,Злокачественная Тератома Яичников
https://bookinghealth.ru/clinics/treatment/cancer/germany,Поисковая сеть. Евразия NEW,Онкология,Лимфома Желудка (Malt-Лимфома)
https://bookinghealth.ru/clinics/treatment/cancer/germany,Поисковая сеть. Евразия NEW,Онкология,Медуллобластома
https://bookinghealth.ru/clinics/treatment/cancer/germany,Поисковая сеть. Евразия NEW,Онкология,Мезотелиома
https://bookinghealth.ru/clinics/treatment/cancer/germany,Поисковая сеть. Евразия NEW,Онкология,Меланома
https://bookinghealth.ru/clinics/treatment/cancer/germany,Поисковая сеть. Евразия NEW,Онкология,Нейробластома (Ганглионейробластома)
https://bookinghealth.ru/clinics/treatment/cancer/germany,Поисковая сеть. Евразия NEW,Онкология,Нефробластома (Опухоль Вильмса)
https://bookinghealth.ru/clinics/treatment/cancer/germany,Поисковая сеть. Евразия NEW,Онкология,Опухоль Желточного Мешка Яичка
https://bookinghealth.ru/clinics/treatment/cancer/germany,Поисковая сеть. Евразия NEW,Онкология,Опухоль Желточного Мешка Яичника
https://bookinghealth.ru/clinics/treatment/cancer/germany,Поисковая сеть. Евразия NEW,Онкология,Полиэмбриома Яичников
https://bookinghealth.ru/clinics/treatment/cancer/germany,Поисковая сеть. Евразия NEW,Онкология,Рабдомиосаркома Орбиты
https://bookinghealth.ru/clinics/treatment/cancer/germany,Поисковая сеть. Евразия NEW,Онкология,Рак Гортани
https://bookinghealth.ru/clinics/treatment/cancer/germany,Поисковая сеть. Евразия NEW,Онкология,Рак Двенадцатиперстной Кишки
https://bookinghealth.ru/clinics/treatment/cancer/germany,Поисковая сеть. Евразия NEW,Онкология,Рак Желудка
https://bookinghealth.ru/clinics/treatment/cancer/germany,Поисковая сеть. Евразия NEW,Онкология,Рак Желчных Протоков (Холангиокарцинома)
https://bookinghealth.ru/clinics/treatment/cancer/germany,Поисковая сеть. Евразия NEW,Онкология,Рак Лёгкого
https://bookinghealth.ru/clinics/treatment/cancer/germany,Поисковая сеть. Евразия NEW,Онкология,Рак Мочеточника
https://bookinghealth.ru/clinics/treatment/cancer/germany,Поисковая сеть. Евразия NEW,Онкология,Рак Надпочечника (Рак Коры Надпочечника)
https://bookinghealth.ru/clinics/treatment/cancer/germany,Поисковая сеть. Евразия NEW,Онкология,Рак Носоглотки
https://bookinghealth.ru/clinics/treatment/cancer/germany,Поисковая сеть. Евразия NEW,Онкология,Рак Печени
https://bookinghealth.ru/clinics/treatment/cancer/germany,Поисковая сеть. Евразия NEW,Онкология,Рак Пищевода
https://bookinghealth.ru/clinics/treatment/cancer/germany,Поисковая сеть. Евразия NEW,Онкология,Рак Поджелудочной Железы
https://bookinghealth.ru/clinics/treatment/cancer/germany,Поисковая сеть. Евразия NEW,Онкология,Рак Почки
https://bookinghealth.ru/clinics/treatment/cancer/germany,Поисковая сеть. Евразия NEW,Онкология,Рак Прямой Кишки
https://bookinghealth.ru/clinics/treatment/cancer/germany,Поисковая сеть. Евразия NEW,Онкология,Рак Ротовой Полости
https://bookinghealth.ru/clinics/treatment/cancer/germany,Поисковая сеть. Евразия NEW,Онкология,Рак Ротоглотки
https://bookinghealth.ru/clinics/treatment/cancer/germany,Поисковая сеть. Евразия NEW,Онкология,Рак Толстого Кишечника
https://bookinghealth.ru/clinics/treatment/cancer/germany,Поисковая сеть. Евразия NEW,Онкология,Рак Трахеи
https://bookinghealth.ru/clinics/treatment/cancer/germany,Поисковая сеть. Евразия NEW,Онкология,Рак Шейки Матки
https://bookinghealth.ru/clinics/treatment/cancer/germany,Поисковая сеть. Евразия NEW,Онкология,Рак Щитовидной Железы
https://bookinghealth.ru/clinics/treatment/cancer/germany,Поисковая сеть. Евразия NEW,Онкология,Рак Эндометрия (Рак Матки)
https://bookinghealth.ru/clinics/treatment/cancer/germany,Поисковая сеть. Евразия NEW,Онкология,Рак Яичника
https://bookinghealth.ru/clinics/treatment/cancer/germany,Поисковая сеть. Евразия NEW,Онкология,Ретинобластома
https://bookinghealth.ru/clinics/treatment/cancer/germany,Поисковая сеть. Евразия NEW,Онкология,Саркома Юинга
https://bookinghealth.ru/clinics/treatment/cancer/germany,Поисковая сеть. Евразия NEW,Онкология,Саркома Бедренной Кости (Остеосаркома)
https://bookinghealth.ru/clinics/treatment/cancer/germany,Поисковая сеть. Евразия NEW,Онкология,Саркома Мягких Тканей
https://bookinghealth.ru/clinics/treatment/cancer/germany,Поисковая сеть. Евразия NEW,Онкология,Светлоклеточная Саркома Почки
https://bookinghealth.ru/clinics/treatment/cancer/germany,Поисковая сеть. Евразия NEW,Онкология,Семинома
https://bookinghealth.ru/clinics/treatment/cancer/germany,Поисковая сеть. Евразия NEW,Онкология,Фибросаркома Детей
https://bookinghealth.ru/clinics/treatment/cancer/germany,Поисковая сеть. Евразия NEW,Онкология,Хориокарцинома
https://bookinghealth.ru/clinics/treatment/cancer/germany,Поисковая сеть. Евразия NEW,Онкология,Эмбриональная Карцинома Яичек
https://bookinghealth.ru/clinics/treatment/cancer/germany,Поисковая сеть. Евразия NEW,Онкология,Эпендимобластома
https://bookinghealth.ru/clinics/treatment/cancer/germany,Поисковая сеть. Евразия NEW,Онкология,Ювенильная Назофарингеальная Ангиофиброма
https://bookinghealth.ru/clinics/treatment/orthopedics/germany,Поисковая сеть. Евразия NEW,Ортопедия,Артроз Голеностопного Сустава
https://bookinghealth.ru/clinics/treatment/orthopedics/germany,Поисковая сеть. Евразия NEW,Ортопедия,Артроз Коленного Сустава
https://bookinghealth.ru/clinics/treatment/orthopedics/germany,Поисковая сеть. Евразия NEW,Ортопедия,Артроз Локтевого Сустава
https://bookinghealth.ru/clinics/treatment/orthopedics/germany,Поисковая сеть. Евразия NEW,Ортопедия,Артроз Плечевого Сустава
https://bookinghealth.ru/clinics/treatment/orthopedics/germany,Поисковая сеть. Евразия NEW,Ортопедия,Артроз Тазобедренного Сустава (Коксартроз)
https://bookinghealth.ru/clinics/treatment/orthopedics/germany,Поисковая сеть. Евразия NEW,Ортопедия,Бурсит Локтевого Сустава
https://bookinghealth.ru/clinics/treatment/orthopedics/germany,Поисковая сеть. Евразия NEW,Ортопедия,Врождённый Вывих (Дисплазия Тазобедренного Сустава) Тазобедренного Сустава
https://bookinghealth.ru/clinics/treatment/orthopedics/germany,Поисковая сеть. Евразия NEW,Ортопедия,Вывих Коленной Чашечки
https://bookinghealth.ru/clinics/treatment/orthopedics/germany,Поисковая сеть. Евразия NEW,Ортопедия,Импиджмент-Синдром Головки Бедренной Кости
https://bookinghealth.ru/clinics/treatment/orthopedics/germany,Поисковая сеть. Евразия NEW,Ортопедия,Импиджмент-Синдром Плечевого Сустава
https://bookinghealth.ru/clinics/treatment/orthopedics/germany,Поисковая сеть. Евразия NEW,Ортопедия,Короткие Ноги (Короткие Конечности)
https://bookinghealth.ru/clinics/treatment/orthopedics/germany,Поисковая сеть. Евразия NEW,Ортопедия,Нестабильность Коленного Сустава
https://bookinghealth.ru/clinics/treatment/orthopedics/germany,Поисковая сеть. Евразия NEW,Ортопедия,Нестабильность Плечевого Сустава
https://bookinghealth.ru/clinics/treatment/orthopedics/germany,Поисковая сеть. Евразия NEW,Ортопедия,Остеомиелит Костей
https://bookinghealth.ru/clinics/treatment/orthopedics/germany,Поисковая сеть. Евразия NEW,Ортопедия,Перелом Бедренной Кости
https://bookinghealth.ru/clinics/treatment/orthopedics/germany,Поисковая сеть. Евразия NEW,Ортопедия,Перелом Костей Плеча
https://bookinghealth.ru/clinics/treatment/orthopedics/germany,Поисковая сеть. Евразия NEW,Ортопедия,Перелом Костей Предплечья
https://bookinghealth.ru/clinics/treatment/orthopedics/germany,Поисковая сеть. Евразия NEW,Ортопедия,Перелом Костией Голени
https://bookinghealth.ru/clinics/treatment/orthopedics/germany,Поисковая сеть. Евразия NEW,Ортопедия,Перелом Шейки Бедра
https://bookinghealth.ru/clinics/treatment/orthopedics/germany,Поисковая сеть. Евразия NEW,Ортопедия,Разрыв Боковой Связки Коленного Сустава
https://bookinghealth.ru/clinics/treatment/orthopedics/germany,Поисковая сеть. Евразия NEW,Ортопедия,Разрыв Мениска
https://bookinghealth.ru/clinics/treatment/orthopedics/germany,Поисковая сеть. Евразия NEW,Ортопедия,Разрыв Передней Крестообразной Связки
https://bookinghealth.ru/clinics/treatment/orthopedics/germany,Поисковая сеть. Евразия NEW,Ортопедия,Разрыв Ротаторной Манжеты Плечевого Сустава
https://bookinghealth.ru/clinics/treatment/orthopedics/germany,Поисковая сеть. Евразия NEW,Ортопедия,Саркома Юинга
https://bookinghealth.ru/clinics/treatment/orthopedics/germany,Поисковая сеть. Евразия NEW,Ортопедия,Саркома Бедренной Кости (Остеосаркома)
https://bookinghealth.ru/clinics/treatment/orthopedics/germany,Поисковая сеть. Евразия NEW,Ортопедия,Состояние После Остеосинтеза
https://bookinghealth.ru/clinics/treatment/orthopedics/germany,Поисковая сеть. Евразия NEW,Ортопедия,Хондрома
https://bookinghealth.ru/clinics/treatment/orthopedics/germany,Поисковая сеть. Евразия NEW,Ортопедия,Хронический Синовит Коленного Сустава
https://bookinghealth.ru/clinics/treatment/otolaryngology/germany,Поисковая сеть. Евразия NEW,Отоларингология,Абсцесс Слюнной Железы
https://bookinghealth.ru/clinics/treatment/otolaryngology/germany,Поисковая сеть. Евразия NEW,Отоларингология,Атрезия (Сужение Слухового Прохода) Слухового Прохода
https://bookinghealth.ru/clinics/treatment/otolaryngology/germany,Поисковая сеть. Евразия NEW,Отоларингология,Воспаление Сосцевидного Отростка (Мастоидит)
https://bookinghealth.ru/clinics/treatment/otolaryngology/germany,Поисковая сеть. Евразия NEW,Отоларингология,Гиперплазия Носовых Раковин
https://bookinghealth.ru/clinics/treatment/otolaryngology/germany,Поисковая сеть. Евразия NEW,Отоларингология,Гипертрофия Миндалин
https://bookinghealth.ru/clinics/treatment/otolaryngology/germany,Поисковая сеть. Евразия NEW,Отоларингология,Гломусная Опухоль (Параганглиома)
https://bookinghealth.ru/clinics/treatment/otolaryngology/germany,Поисковая сеть. Евразия NEW,Отоларингология,Дефект Барабанной Перепонки
https://bookinghealth.ru/clinics/treatment/otolaryngology/germany,Поисковая сеть. Евразия NEW,Отоларингология,Дефект Слухового Прохода
https://bookinghealth.ru/clinics/treatment/otolaryngology/germany,Поисковая сеть. Евразия NEW,Отоларингология,Дефект Среднего Уха
https://bookinghealth.ru/clinics/treatment/otolaryngology/germany,Поисковая сеть. Евразия NEW,Отоларингология,Деформация Ушной Раковины
https://bookinghealth.ru/clinics/treatment/otolaryngology/germany,Поисковая сеть. Евразия NEW,Отоларингология,Искривление Носовой Перегородки
https://bookinghealth.ru/clinics/treatment/otolaryngology/germany,Поисковая сеть. Евразия NEW,Отоларингология,Камни Подчелюстной Слюнной Железы
https://bookinghealth.ru/clinics/treatment/otolaryngology/germany,Поисковая сеть. Евразия NEW,Отоларингология,Камни Слюнных Желёз
https://bookinghealth.ru/clinics/treatment/otolaryngology/germany,Поисковая сеть. Евразия NEW,Отоларингология,Кисты Голосовых Связок
https://bookinghealth.ru/clinics/treatment/otolaryngology/germany,Поисковая сеть. Евразия NEW,Отоларингология,Короткая Уздечка Языка
https://bookinghealth.ru/clinics/treatment/otolaryngology/germany,Поисковая сеть. Евразия NEW,Отоларингология,Липома Шеи
https://bookinghealth.ru/clinics/treatment/otolaryngology/germany,Поисковая сеть. Евразия NEW,Отоларингология,Лопоухость
https://bookinghealth.ru/clinics/treatment/otolaryngology/germany,Поисковая сеть. Евразия NEW,Отоларингология,Назальный Полип
https://bookinghealth.ru/clinics/treatment/otolaryngology/germany,Поисковая сеть. Евразия NEW,Отоларингология,Нарушение Слуха
https://bookinghealth.ru/clinics/treatment/otolaryngology/germany,Поисковая сеть. Евразия NEW,Отоларингология,Невринома Шеи
https://bookinghealth.ru/clinics/treatment/otolaryngology/germany,Поисковая сеть. Евразия NEW,Отоларингология,Нейросенсорная Тугоухость
https://bookinghealth.ru/clinics/treatment/otolaryngology/germany,Поисковая сеть. Евразия NEW,Отоларингология,Носовые Кровотечения
https://bookinghealth.ru/clinics/treatment/otolaryngology/germany,Поисковая сеть. Евразия NEW,Отоларингология,Опухоль Носовых Пазух
https://bookinghealth.ru/clinics/treatment/otolaryngology/germany,Поисковая сеть. Евразия NEW,Отоларингология,Опухоль Носоглотки
https://bookinghealth.ru/clinics/treatment/otolaryngology/germany,Поисковая сеть. Евразия NEW,Отоларингология,Отит Среднего Уха
https://bookinghealth.ru/clinics/treatment/otolaryngology/germany,Поисковая сеть. Евразия NEW,Отоларингология,Отосклероз
https://bookinghealth.ru/clinics/treatment/otolaryngology/germany,Поисковая сеть. Евразия NEW,Отоларингология,Параганглиома Шеи
https://bookinghealth.ru/clinics/treatment/otolaryngology/germany,Поисковая сеть. Евразия NEW,Отоларингология,Паралич Голосовых Связок
https://bookinghealth.ru/clinics/treatment/otolaryngology/germany,Поисковая сеть. Евразия NEW,Отоларингология,Перелом Носовой Кости
https://bookinghealth.ru/clinics/treatment/otolaryngology/germany,Поисковая сеть. Евразия NEW,Отоларингология,Полипы Голосовых Связок
https://bookinghealth.ru/clinics/treatment/otolaryngology/germany,Поисковая сеть. Евразия NEW,Отоларингология,Порок Развития Среднего Уха
https://bookinghealth.ru/clinics/treatment/otolaryngology/germany,Поисковая сеть. Евразия NEW,Отоларингология,Рак Гортани
https://bookinghealth.ru/clinics/treatment/otolaryngology/germany,Поисковая сеть. Евразия NEW,Отоларингология,Рак Миндалины
https://bookinghealth.ru/clinics/treatment/otolaryngology/germany,Поисковая сеть. Евразия NEW,Отоларингология,Рак Носоглотки
https://bookinghealth.ru/clinics/treatment/otolaryngology/germany,Поисковая сеть. Евразия NEW,Отоларингология,Рак Околоушной Железы
https://bookinghealth.ru/clinics/treatment/otolaryngology/germany,Поисковая сеть. Евразия NEW,Отоларингология,Рак Ротоглотки
https://bookinghealth.ru/clinics/treatment/otolaryngology/germany,Поисковая сеть. Евразия NEW,Отоларингология,Рак Слюнной Железы
https://bookinghealth.ru/clinics/treatment/otolaryngology/germany,Поисковая сеть. Евразия NEW,Отоларингология,Рак Трахеи
https://bookinghealth.ru/clinics/treatment/otolaryngology/germany,Поисковая сеть. Евразия NEW,Отоларингология,Рак Уха
https://bookinghealth.ru/clinics/treatment/otolaryngology/germany,Поисковая сеть. Евразия NEW,Отоларингология,Ринит (Заложенность Носа)
https://bookinghealth.ru/clinics/treatment/otolaryngology/germany,Поисковая сеть. Евразия NEW,Отоларингология,Синусит
https://bookinghealth.ru/clinics/treatment/otolaryngology/germany,Поисковая сеть. Евразия NEW,Отоларингология,Стеноз Трахеи
https://bookinghealth.ru/clinics/treatment/otolaryngology/germany,Поисковая сеть. Евразия NEW,Отоларингология,Тиннитус
https://bookinghealth.ru/clinics/treatment/otolaryngology/germany,Поисковая сеть. Евразия NEW,Отоларингология,Травматическое Искривление Носа
https://bookinghealth.ru/clinics/treatment/otolaryngology/germany,Поисковая сеть. Евразия NEW,Отоларингология,Фибромы Шеи
https://bookinghealth.ru/clinics/treatment/otolaryngology/germany,Поисковая сеть. Евразия NEW,Отоларингология,Холестеатома Уха
https://bookinghealth.ru/clinics/treatment/otolaryngology/germany,Поисковая сеть. Евразия NEW,Отоларингология,Хронический Храп
https://bookinghealth.ru/clinics/treatment/otolaryngology/germany,Поисковая сеть. Евразия NEW,Отоларингология,Хроническое Воспаление Носовых И Придаточных Пазух Носа
https://bookinghealth.ru/clinics/treatment/otolaryngology/germany,Поисковая сеть. Евразия NEW,Отоларингология,Хроническое Воспаление Слюнных Желез
https://bookinghealth.ru/clinics/treatment/otolaryngology/germany,Поисковая сеть. Евразия NEW,Отоларингология,Экзостозы Слухового Прохода
https://bookinghealth.ru/clinics/treatment/ophthalmology/germany,Поисковая сеть. Евразия NEW,Офтальмология,Внутриглазная Опухоль
https://bookinghealth.ru/clinics/treatment/ophthalmology/germany,Поисковая сеть. Евразия NEW,Офтальмология,Воспаление Глаз При Синдроме Шегрена
https://bookinghealth.ru/clinics/treatment/ophthalmology/germany,Поисковая сеть. Евразия NEW,Офтальмология,Врожденная Глаукома
https://bookinghealth.ru/clinics/treatment/ophthalmology/germany,Поисковая сеть. Евразия NEW,Офтальмология,Врожденный Невус На Веках
https://bookinghealth.ru/clinics/treatment/ophthalmology/germany,Поисковая сеть. Евразия NEW,Офтальмология,Глаукома
https://bookinghealth.ru/clinics/treatment/ophthalmology/germany,Поисковая сеть. Евразия NEW,Офтальмология,Глаукома В Сочетании С Катарактой
https://bookinghealth.ru/clinics/treatment/ophthalmology/germany,Поисковая сеть. Евразия NEW,Офтальмология,Дегенерация Сетчатки
https://bookinghealth.ru/clinics/treatment/ophthalmology/germany,Поисковая сеть. Евразия NEW,Офтальмология,Деструкция Стекловидного Тела
https://bookinghealth.ru/clinics/treatment/ophthalmology/germany,Поисковая сеть. Евразия NEW,Офтальмология,Диабетическая Ретинопатия
https://bookinghealth.ru/clinics/treatment/ophthalmology/germany,Поисковая сеть. Евразия NEW,Офтальмология,Катаракта
https://bookinghealth.ru/clinics/treatment/ophthalmology/germany,Поисковая сеть. Евразия NEW,Офтальмология,Кератоконус
https://bookinghealth.ru/clinics/treatment/ophthalmology/germany,Поисковая сеть. Евразия NEW,Офтальмология,Макулярная Дегенерация Сетчатки
https://bookinghealth.ru/clinics/treatment/ophthalmology/germany,Поисковая сеть. Евразия NEW,Офтальмология,Макулярный Отек
https://bookinghealth.ru/clinics/treatment/ophthalmology/germany,Поисковая сеть. Евразия NEW,Офтальмология,Медуллоэпителиома
https://bookinghealth.ru/clinics/treatment/ophthalmology/germany,Поисковая сеть. Евразия NEW,Офтальмология,Миопия (Близорукость)
https://bookinghealth.ru/clinics/treatment/ophthalmology/germany,Поисковая сеть. Евразия NEW,Офтальмология,Новообразование (Опухоль Век) Век
https://bookinghealth.ru/clinics/treatment/ophthalmology/germany,Поисковая сеть. Евразия NEW,Офтальмология,Окклюзия Слезного Канала
https://bookinghealth.ru/clinics/treatment/ophthalmology/germany,Поисковая сеть. Евразия NEW,Офтальмология,Окклюзия Сосудов Глаз
https://bookinghealth.ru/clinics/treatment/ophthalmology/germany,Поисковая сеть. Евразия NEW,Офтальмология,Острый Приступ Глаукомы
https://bookinghealth.ru/clinics/treatment/ophthalmology/germany,Поисковая сеть. Евразия NEW,Офтальмология,Отслойка Роговицы
https://bookinghealth.ru/clinics/treatment/ophthalmology/germany,Поисковая сеть. Евразия NEW,Офтальмология,Отслойка Сетчатки
https://bookinghealth.ru/clinics/treatment/ophthalmology/germany,Поисковая сеть. Евразия NEW,Офтальмология,Патология Глазодвигательного Аппарата (Нистагм)
,Поисковая сеть. Евразия NEW,Офтальмология,Косоглазие
https://bookinghealth.ru/clinics/treatment/ophthalmology/germany,Поисковая сеть. Евразия NEW,Офтальмология,Повреждение Роговицы
https://bookinghealth.ru/clinics/treatment/ophthalmology/germany,Поисковая сеть. Евразия NEW,Офтальмология,Помутнение Роговицы
https://bookinghealth.ru/clinics/treatment/ophthalmology/germany,Поисковая сеть. Евразия NEW,Офтальмология,Помутнение Стекловидного Тела
https://bookinghealth.ru/clinics/treatment/ophthalmology/germany,Поисковая сеть. Евразия NEW,Офтальмология,Ретинобластома
https://bookinghealth.ru/clinics/treatment/ophthalmology/germany,Поисковая сеть. Евразия NEW,Офтальмология,Сращение Конъюнктивы Век
https://bookinghealth.ru/clinics/treatment/ophthalmology/germany,Поисковая сеть. Евразия NEW,Офтальмология,Травматическое Повреждение Глазного Яблока
https://bookinghealth.ru/clinics/treatment/ophthalmology/germany,Поисковая сеть. Евразия NEW,Офтальмология,Эктропион Нижнего Века
https://bookinghealth.ru/clinics/treatment/plastic-surgery/germany,Поисковая сеть. Евразия NEW,Пластическая Хирургия,Акне
https://bookinghealth.ru/clinics/treatment/plastic-surgery/germany,Поисковая сеть. Евразия NEW,Пластическая Хирургия,Ассиметрия Половых Губ
https://bookinghealth.ru/clinics/treatment/plastic-surgery/germany,Поисковая сеть. Евразия NEW,Пластическая Хирургия,Базалиома
https://bookinghealth.ru/clinics/treatment/plastic-surgery/germany,Поисковая сеть. Евразия NEW,Пластическая Хирургия,Висящая Грудь
https://bookinghealth.ru/clinics/treatment/plastic-surgery/germany,Поисковая сеть. Евразия NEW,Пластическая Хирургия,Гинекомастия У Мужчин
https://bookinghealth.ru/clinics/treatment/plastic-surgery/germany,Поисковая сеть. Евразия NEW,Пластическая Хирургия,Гипертрофия Половых Губ
https://bookinghealth.ru/clinics/treatment/plastic-surgery/germany,Поисковая сеть. Евразия NEW,Пластическая Хирургия,Гнойный Гидраденит
https://bookinghealth.ru/clinics/treatment/plastic-surgery/germany,Поисковая сеть. Евразия NEW,Пластическая Хирургия,Двойной Подбородок
https://bookinghealth.ru/clinics/treatment/plastic-surgery/germany,Поисковая сеть. Евразия NEW,Пластическая Хирургия,Деформация Ареолы Груди
https://bookinghealth.ru/clinics/treatment/plastic-surgery/germany,Поисковая сеть. Евразия NEW,Пластическая Хирургия,Деформация Носа
https://bookinghealth.ru/clinics/treatment/plastic-surgery/germany,Поисковая сеть. Евразия NEW,Пластическая Хирургия,Диастаз Прямых Мышц Живота
https://bookinghealth.ru/clinics/treatment/plastic-surgery/germany,Поисковая сеть. Евразия NEW,Пластическая Хирургия,Дисгормональная Гиперплазия Молочных Желез
https://bookinghealth.ru/clinics/treatment/plastic-surgery/germany,Поисковая сеть. Евразия NEW,Пластическая Хирургия,Доброкачественное Образование Кожи Лица
https://bookinghealth.ru/clinics/treatment/plastic-surgery/germany,Поисковая сеть. Евразия NEW,Пластическая Хирургия,Заячья Губа
https://bookinghealth.ru/clinics/treatment/plastic-surgery/germany,Поисковая сеть. Евразия NEW,Пластическая Хирургия,Заячья Губа И Волчья Пасть
https://bookinghealth.ru/clinics/treatment/plastic-surgery/germany,Поисковая сеть. Евразия NEW,Пластическая Хирургия,Избыток Веса (Ожирение В Области Живота) В Области Живота
https://bookinghealth.ru/clinics/treatment/plastic-surgery/germany,Поисковая сеть. Евразия NEW,Пластическая Хирургия,Капсульный Фиброз Грудных Имплантатов
https://bookinghealth.ru/clinics/treatment/plastic-surgery/germany,Поисковая сеть. Евразия NEW,Пластическая Хирургия,Келоидные Рубцы На Губах
https://bookinghealth.ru/clinics/treatment/plastic-surgery/germany,Поисковая сеть. Евразия NEW,Пластическая Хирургия,Лимфедема
https://bookinghealth.ru/clinics/treatment/plastic-surgery/germany,Поисковая сеть. Евразия NEW,Пластическая Хирургия,Меланома
https://bookinghealth.ru/clinics/treatment/plastic-surgery/germany,Поисковая сеть. Евразия NEW,Пластическая Хирургия,Неправильная Форма Ушей
https://bookinghealth.ru/clinics/treatment/plastic-surgery/germany,Поисковая сеть. Евразия NEW,Пластическая Хирургия,Облысение
https://bookinghealth.ru/clinics/treatment/plastic-surgery/germany,Поисковая сеть. Евразия NEW,Пластическая Хирургия,Ожирение (Избыток Веса)
https://bookinghealth.ru/clinics/treatment/plastic-surgery/germany,Поисковая сеть. Евразия NEW,Пластическая Хирургия,Повреждения Мягких И Твердых Тканей Лица
https://bookinghealth.ru/clinics/treatment/plastic-surgery/germany,Поисковая сеть. Евразия NEW,Пластическая Хирургия,Повреждения Мягких Тканей Лица
https://bookinghealth.ru/clinics/treatment/plastic-surgery/germany,Поисковая сеть. Евразия NEW,Пластическая Хирургия,Подтяжка (Пластика Кожи Лица) Кожи Лица
https://bookinghealth.ru/clinics/treatment/plastic-surgery/germany,Поисковая сеть. Евразия NEW,Пластическая Хирургия,Подтяжка (Пластика Шеи) Шеи
https://bookinghealth.ru/clinics/treatment/plastic-surgery/germany,Поисковая сеть. Евразия NEW,Пластическая Хирургия,Пролежни
https://bookinghealth.ru/clinics/treatment/plastic-surgery/germany,Поисковая сеть. Евразия NEW,Пластическая Хирургия,Птоз Верхнего Века
https://bookinghealth.ru/clinics/treatment/plastic-surgery/germany,Поисковая сеть. Евразия NEW,Пластическая Хирургия,Рак Молочной Железы (Рак Груди)
https://bookinghealth.ru/clinics/treatment/plastic-surgery/germany,Поисковая сеть. Евразия NEW,Пластическая Хирургия,Расширенное Кольцо Влагалища
https://bookinghealth.ru/clinics/treatment/plastic-surgery/germany,Поисковая сеть. Евразия NEW,Пластическая Хирургия,Редкие Ресницы
https://bookinghealth.ru/clinics/treatment/plastic-surgery/germany,Поисковая сеть. Евразия NEW,Пластическая Хирургия,Синдактилия (Сросшиеся Пальцы)
https://bookinghealth.ru/clinics/treatment/plastic-surgery/germany,Поисковая сеть. Евразия NEW,Пластическая Хирургия,Смещение Имплантата После Увеличения Груди
https://bookinghealth.ru/clinics/treatment/plastic-surgery/germany,Поисковая сеть. Евразия NEW,Пластическая Хирургия,Тонкие Губы
https://bookinghealth.ru/clinics/treatment/plastic-surgery/germany,Поисковая сеть. Евразия NEW,Пластическая Хирургия,Увеличение Груди (Маммопластика)
https://bookinghealth.ru/clinics/treatment/plastic-surgery/germany,Поисковая сеть. Евразия NEW,Пластическая Хирургия,Увеличение Объема Влагалища
https://bookinghealth.ru/clinics/treatment/plastic-surgery/germany,Поисковая сеть. Евразия NEW,Пластическая Хирургия,Чрезмерное Потоотделение (Гипергидроз)
https://bookinghealth.ru/clinics/treatment/proton-therapy/germany,Поисковая сеть. Евразия NEW,Протонная Терапия,Глиобластома (Рак Мозга)
https://bookinghealth.ru/clinics/treatment/proton-therapy/germany,Поисковая сеть. Евразия NEW,Протонная Терапия,Протонная Терапия
https://bookinghealth.ru/clinics/treatment/pulmonology/germany,Поисковая сеть. Евразия NEW,Пульмонология,Абсцесс Лёгкого
https://bookinghealth.ru/clinics/treatment/pulmonology/germany,Поисковая сеть. Евразия NEW,Пульмонология,Атипичная Пневмония
https://bookinghealth.ru/clinics/treatment/pulmonology/germany,Поисковая сеть. Евразия NEW,Пульмонология,Бронхиальная Астма
https://bookinghealth.ru/clinics/treatment/pulmonology/germany,Поисковая сеть. Евразия NEW,Пульмонология,Бронхоэктазы
https://bookinghealth.ru/clinics/treatment/pulmonology/germany,Поисковая сеть. Евразия NEW,Пульмонология,Лёгочный Фиброз
https://bookinghealth.ru/clinics/treatment/pulmonology/germany,Поисковая сеть. Евразия NEW,Пульмонология,Муковисцидоз (Кистозный Фиброз)
https://bookinghealth.ru/clinics/treatment/pulmonology/germany,Поисковая сеть. Евразия NEW,Пульмонология,Острый Бронхит
https://bookinghealth.ru/clinics/treatment/pulmonology/germany,Поисковая сеть. Евразия NEW,Пульмонология,Плеврит Со Спайками
https://bookinghealth.ru/clinics/treatment/pulmonology/germany,Поисковая сеть. Евразия NEW,Пульмонология,Пневмокониоз
https://bookinghealth.ru/clinics/treatment/pulmonology/germany,Поисковая сеть. Евразия NEW,Пульмонология,Пневмония
https://bookinghealth.ru/clinics/treatment/pulmonology/germany,Поисковая сеть. Евразия NEW,Пульмонология,Пульмональная Гипертония
https://bookinghealth.ru/clinics/treatment/pulmonology/germany,Поисковая сеть. Евразия NEW,Пульмонология,Саркоидоз
https://bookinghealth.ru/clinics/treatment/pulmonology/germany,Поисковая сеть. Евразия NEW,Пульмонология,Силикоз
https://bookinghealth.ru/clinics/treatment/pulmonology/germany,Поисковая сеть. Евразия NEW,Пульмонология,Синдром Обструктивного Апноэ Сна (Соас)
https://bookinghealth.ru/clinics/treatment/pulmonology/germany,Поисковая сеть. Евразия NEW,Пульмонология,Стеноз Трахеи
https://bookinghealth.ru/clinics/treatment/pulmonology/germany,Поисковая сеть. Евразия NEW,Пульмонология,Трахеобронхопатия
https://bookinghealth.ru/clinics/treatment/pulmonology/germany,Поисковая сеть. Евразия NEW,Пульмонология,Туберкулез Легких
https://bookinghealth.ru/clinics/treatment/pulmonology/germany,Поисковая сеть. Евразия NEW,Пульмонология,Фиброзирующий Альвеолит
https://bookinghealth.ru/clinics/treatment/pulmonology/germany,Поисковая сеть. Евразия NEW,Пульмонология,Хронический Обструктивный Бронхит
https://bookinghealth.ru/clinics/treatment/pulmonology/germany,Поисковая сеть. Евразия NEW,Пульмонология,Экзогенный Аллергический Альвеолит
https://bookinghealth.ru/clinics/treatment/pulmonology/germany,Поисковая сеть. Евразия NEW,Пульмонология,Эмфизема Лёгких
https://bookinghealth.ru/clinics/treatment/rheumatology/germany,Поисковая сеть. Евразия NEW,Ревматология,Болезнь Бехтерева
https://bookinghealth.ru/clinics/treatment/rheumatology/germany,Поисковая сеть. Евразия NEW,Ревматология,Болезнь Бехчета (Системный Васкулит)
https://bookinghealth.ru/clinics/treatment/rheumatology/germany,Поисковая сеть. Евразия NEW,Ревматология,Болезнь Лайма (Клещевой Боррелиоз)
https://bookinghealth.ru/clinics/treatment/rheumatology/germany,Поисковая сеть. Евразия NEW,Ревматология,Васкулит
https://bookinghealth.ru/clinics/treatment/rheumatology/germany,Поисковая сеть. Евразия NEW,Ревматология,Дерматомиозит
https://bookinghealth.ru/clinics/treatment/rheumatology/germany,Поисковая сеть. Евразия NEW,Ревматология,Подагра
https://bookinghealth.ru/clinics/treatment/rheumatology/germany,Поисковая сеть. Евразия NEW,Ревматология,Псориатический Артрит
https://bookinghealth.ru/clinics/treatment/rheumatology/germany,Поисковая сеть. Евразия NEW,Ревматология,Ревматоидный Артрит
https://bookinghealth.ru/clinics/treatment/rheumatology/germany,Поисковая сеть. Евразия NEW,Ревматология,Синдром Рейно
https://bookinghealth.ru/clinics/treatment/rheumatology/germany,Поисковая сеть. Евразия NEW,Ревматология,Синдром Шегрена
https://bookinghealth.ru/clinics/treatment/rheumatology/germany,Поисковая сеть. Евразия NEW,Ревматология,Системная Красная Волчанка
https://bookinghealth.ru/clinics/treatment/rheumatology/germany,Поисковая сеть. Евразия NEW,Ревматология,Склеродермия
https://bookinghealth.ru/clinics/treatment/rheumatology/germany,Поисковая сеть. Евразия NEW,Ревматология,Спондилёз
https://bookinghealth.ru/clinics/treatment/rheumatology/germany,Поисковая сеть. Евразия NEW,Ревматология,Фибромиалгия
https://bookinghealth.ru/clinics/treatment/rheumatology/germany,Поисковая сеть. Евразия NEW,Ревматология,Ювенильный Артрит (Артрит У Детей)
https://bookinghealth.ru/clinics/treatment/reconstructive-burn-surgery/germany,Поисковая сеть. Евразия NEW,Реконструктивная Ожоговая Хирургия,Ожоги Кожи 
https://bookinghealth.ru/clinics/treatment/reproductive-medicine/germany,Поисковая сеть. Евразия NEW,Репродуктивная Медицина,Женское Бесплодие
https://bookinghealth.ru/clinics/treatment/reproductive-medicine/germany,Поисковая сеть. Евразия NEW,Репродуктивная Медицина,Искусственное Осименение
https://bookinghealth.ru/clinics/treatment/vascular-surgery/germany,Поисковая сеть. Евразия NEW,Сосудистая Хирургия,Аневризма Аорты (Расслаивающая Аневризма Аорты)
https://bookinghealth.ru/clinics/treatment/vascular-surgery/germany,Поисковая сеть. Евразия NEW,Сосудистая Хирургия,Аневризма Брюшной Аорты
https://bookinghealth.ru/clinics/treatment/vascular-surgery/germany,Поисковая сеть. Евразия NEW,Сосудистая Хирургия,Аневризма Почечной Артерии
https://bookinghealth.ru/clinics/treatment/vascular-surgery/germany,Поисковая сеть. Евразия NEW,Сосудистая Хирургия,Аневризма Сонной Артерии
https://bookinghealth.ru/clinics/treatment/vascular-surgery/germany,Поисковая сеть. Евразия NEW,Сосудистая Хирургия,Атеросклероз Брыжеечной Артерии
https://bookinghealth.ru/clinics/treatment/vascular-surgery/germany,Поисковая сеть. Евразия NEW,Сосудистая Хирургия,Атеросклероз Верхних Конечностей И Стеноз Подключичной Артерии
https://bookinghealth.ru/clinics/treatment/vascular-surgery/germany,Поисковая сеть. Евразия NEW,Сосудистая Хирургия,Атеросклероз Сосудов Нижних Конечностей 
https://bookinghealth.ru/clinics/treatment/vascular-surgery/germany,Поисковая сеть. Евразия NEW,Сосудистая Хирургия,Варикозное Расширение Вен
https://bookinghealth.ru/clinics/treatment/vascular-surgery/germany,Поисковая сеть. Евразия NEW,Сосудистая Хирургия,Варикозное Расширение Вен С Трофической Язвой
https://bookinghealth.ru/clinics/treatment/vascular-surgery/germany,Поисковая сеть. Евразия NEW,Сосудистая Хирургия,Диабетическая Стопа
https://bookinghealth.ru/clinics/treatment/vascular-surgery/germany,Поисковая сеть. Евразия NEW,Сосудистая Хирургия,Лимфедема
https://bookinghealth.ru/clinics/treatment/vascular-surgery/germany,Поисковая сеть. Евразия NEW,Сосудистая Хирургия,Стеноз Почечной Артерии
https://bookinghealth.ru/clinics/treatment/vascular-surgery/germany,Поисковая сеть. Евразия NEW,Сосудистая Хирургия,Стеноз Сонной Артерии
https://bookinghealth.ru/clinics/treatment/vascular-surgery/germany,Поисковая сеть. Евразия NEW,Сосудистая Хирургия,Тромбоз Глубоких Вен Нижних Конечностей
https://bookinghealth.ru/clinics/treatment/vascular-surgery/germany,Поисковая сеть. Евразия NEW,Сосудистая Хирургия,Флегмона Стопы
https://bookinghealth.ru/clinics/treatment/internal-medicine/germany,Поисковая сеть. Евразия NEW,Терапия,Ревматизм
https://bookinghealth.ru/clinics/treatment/internal-medicine/germany,Поисковая сеть. Евразия NEW,Терапия,Стеноз Привратника Желудка
https://bookinghealth.ru/clinics/treatment/internal-medicine/germany,Поисковая сеть. Евразия NEW,Терапия,Холецистит
https://bookinghealth.ru/clinics/treatment/thoracic-surgery/germany,Поисковая сеть. Евразия NEW,Торакальная Хирургия,Абсцесс Лёгкого
https://bookinghealth.ru/clinics/treatment/thoracic-surgery/germany,Поисковая сеть. Евразия NEW,Торакальная Хирургия,Аневризма Грудной Аорты
https://bookinghealth.ru/clinics/treatment/thoracic-surgery/germany,Поисковая сеть. Евразия NEW,Торакальная Хирургия,Бронхоплевральная Фистула (Бронхоплевральная Свищ)
https://bookinghealth.ru/clinics/treatment/thoracic-surgery/germany,Поисковая сеть. Евразия NEW,Торакальная Хирургия,Бронхоэктазы
https://bookinghealth.ru/clinics/treatment/thoracic-surgery/germany,Поисковая сеть. Евразия NEW,Торакальная Хирургия,Буллезная Эмфизема Легких
https://bookinghealth.ru/clinics/treatment/thoracic-surgery/germany,Поисковая сеть. Евразия NEW,Торакальная Хирургия,Врождённая Деформация Грудной Клетки У Детей (Килевидная Деформация)
,Поисковая сеть. Евразия NEW,Торакальная Хирургия,Вдавленная Деформация
https://bookinghealth.ru/clinics/treatment/thoracic-surgery/germany,Поисковая сеть. Евразия NEW,Торакальная Хирургия,Гемоторакс
https://bookinghealth.ru/clinics/treatment/thoracic-surgery/germany,Поисковая сеть. Евразия NEW,Торакальная Хирургия,Дефект Грудной Стенки После Торакотомии
https://bookinghealth.ru/clinics/treatment/thoracic-surgery/germany,Поисковая сеть. Евразия NEW,Торакальная Хирургия,Злокачественная Опухоль Средостения
https://bookinghealth.ru/clinics/treatment/thoracic-surgery/germany,Поисковая сеть. Евразия NEW,Торакальная Хирургия,Лимфома (B-Клеточная Лимфома Легких) Лёгких
https://bookinghealth.ru/clinics/treatment/thoracic-surgery/germany,Поисковая сеть. Евразия NEW,Торакальная Хирургия,Мезотелиома
https://bookinghealth.ru/clinics/treatment/thoracic-surgery/germany,Поисковая сеть. Евразия NEW,Торакальная Хирургия,Плевральная Эмпиема (Плевральный Абсцесс)
https://bookinghealth.ru/clinics/treatment/thoracic-surgery/germany,Поисковая сеть. Евразия NEW,Торакальная Хирургия,Пневмоторакс
https://bookinghealth.ru/clinics/treatment/thoracic-surgery/germany,Поисковая сеть. Евразия NEW,Торакальная Хирургия,Разрыв Диафрагмы
https://bookinghealth.ru/clinics/treatment/thoracic-surgery/germany,Поисковая сеть. Евразия NEW,Торакальная Хирургия,Рак Лёгкого
https://bookinghealth.ru/clinics/treatment/thoracic-surgery/germany,Поисковая сеть. Евразия NEW,Торакальная Хирургия,Рак Тимуса
https://bookinghealth.ru/clinics/treatment/thoracic-surgery/germany,Поисковая сеть. Евразия NEW,Торакальная Хирургия,Синдром Рейно
https://bookinghealth.ru/clinics/treatment/thoracic-surgery/germany,Поисковая сеть. Евразия NEW,Торакальная Хирургия,Стеноз Бронхов
https://bookinghealth.ru/clinics/treatment/thoracic-surgery/germany,Поисковая сеть. Евразия NEW,Торакальная Хирургия,Тимома (Опухоль Вилочковой Железы)
https://bookinghealth.ru/clinics/treatment/thoracic-surgery/germany,Поисковая сеть. Евразия NEW,Торакальная Хирургия,Увеличенные Лимфатические Узлы Средостения
https://bookinghealth.ru/clinics/treatment/thoracic-surgery/germany,Поисковая сеть. Евразия NEW,Торакальная Хирургия,Язвенный Дефект Стенки Бронхов
https://bookinghealth.ru/clinics/treatment/urology/germany,Поисковая сеть. Евразия NEW,Урология,Абсцесс Околопочечной Клетчатки
https://bookinghealth.ru/clinics/treatment/urology/germany,Поисковая сеть. Евразия NEW,Урология,Абсцесс Почки
https://bookinghealth.ru/clinics/treatment/urology/germany,Поисковая сеть. Евразия NEW,Урология,Абсцесс Яичек
https://bookinghealth.ru/clinics/treatment/urology/germany,Поисковая сеть. Евразия NEW,Урология,Аденома Простаты (Аденома Предстательной Железы)
https://bookinghealth.ru/clinics/treatment/urology/germany,Поисковая сеть. Евразия NEW,Урология,Болезнь Иценко-Кушинга
https://bookinghealth.ru/clinics/treatment/urology/germany,Поисковая сеть. Евразия NEW,Урология,Варикозное Расширение Вен Мошонки (Варикоцеле)
https://bookinghealth.ru/clinics/treatment/urology/germany,Поисковая сеть. Евразия NEW,Урология,Влагалищно-Пузырный Свищ
https://bookinghealth.ru/clinics/treatment/urology/germany,Поисковая сеть. Евразия NEW,Урология,Водянка Яичек (Гидроцеле)
https://bookinghealth.ru/clinics/treatment/urology/germany,Поисковая сеть. Евразия NEW,Урология,Воспаление Семявыводящего Протока
https://bookinghealth.ru/clinics/treatment/urology/germany,Поисковая сеть. Евразия NEW,Урология,Гангрена Фурнье
https://bookinghealth.ru/clinics/treatment/urology/germany,Поисковая сеть. Евразия NEW,Урология,Гипоспадия
https://bookinghealth.ru/clinics/treatment/urology/germany,Поисковая сеть. Евразия NEW,Урология,Дивертикул Мочевого Пузыря
https://bookinghealth.ru/clinics/treatment/urology/germany,Поисковая сеть. Евразия NEW,Урология,Камни Мочевого Пузыря
https://bookinghealth.ru/clinics/treatment/urology/germany,Поисковая сеть. Евразия NEW,Урология,Камни Почек С Гидронефрозом
https://bookinghealth.ru/clinics/treatment/urology/germany,Поисковая сеть. Евразия NEW,Урология,Камни Предстательной Железы
https://bookinghealth.ru/clinics/treatment/urology/germany,Поисковая сеть. Евразия NEW,Урология,Камни Уретры
https://bookinghealth.ru/clinics/treatment/urology/germany,Поисковая сеть. Евразия NEW,Урология,Неправильное Положение Яичка (Неопущение Яичка)
,Поисковая сеть. Евразия NEW,Урология,Крипторхизм
https://bookinghealth.ru/clinics/treatment/urology/germany,Поисковая сеть. Евразия NEW,Урология,Нефробластома (Опухоль Вильмса)
https://bookinghealth.ru/clinics/treatment/urology/germany,Поисковая сеть. Евразия NEW,Урология,Обструкция Шейки Мочевого Пузыря
https://bookinghealth.ru/clinics/treatment/urology/germany,Поисковая сеть. Евразия NEW,Урология,Опухоль Желточного Мешка Яичка
https://bookinghealth.ru/clinics/treatment/urology/germany,Поисковая сеть. Евразия NEW,Урология,Остроконечные Кондиломы Полового Члена
https://bookinghealth.ru/clinics/treatment/urology/germany,Поисковая сеть. Евразия NEW,Урология,Перекрут Яичка
https://bookinghealth.ru/clinics/treatment/urology/germany,Поисковая сеть. Евразия NEW,Урология,Перелом Полового Члена С Разрывом Уретры
https://bookinghealth.ru/clinics/treatment/urology/germany,Поисковая сеть. Евразия NEW,Урология,Поликистоз Почек
https://bookinghealth.ru/clinics/treatment/urology/germany,Поисковая сеть. Евразия NEW,Урология,Полип Мочеиспускательного Канала
https://bookinghealth.ru/clinics/treatment/urology/germany,Поисковая сеть. Евразия NEW,Урология,Полип Мочеточника
https://bookinghealth.ru/clinics/treatment/urology/germany,Поисковая сеть. Евразия NEW,Урология,Почечная Недостаточность
https://bookinghealth.ru/clinics/treatment/urology/germany,Поисковая сеть. Евразия NEW,Урология,Пролапс Мочеиспускательного Канала
https://bookinghealth.ru/clinics/treatment/urology/germany,Поисковая сеть. Евразия NEW,Урология,Пузырно-Кишечная Фистула
https://bookinghealth.ru/clinics/treatment/urology/germany,Поисковая сеть. Евразия NEW,Урология,Разрыв Мочевого Пузыря
https://bookinghealth.ru/clinics/treatment/urology/germany,Поисковая сеть. Евразия NEW,Урология,Рак Мочевого Пузыря
https://bookinghealth.ru/clinics/treatment/urology/germany,Поисковая сеть. Евразия NEW,Урология,Рак Мочеточника
https://bookinghealth.ru/clinics/treatment/urology/germany,Поисковая сеть. Евразия NEW,Урология,Рак Надпочечника (Рак Коры Надпочечника)
https://bookinghealth.ru/clinics/treatment/urology/germany,Поисковая сеть. Евразия NEW,Урология,Рак Пениса
https://bookinghealth.ru/clinics/treatment/urology/germany,Поисковая сеть. Евразия NEW,Урология,Рак Почки
https://bookinghealth.ru/clinics/treatment/urology/germany,Поисковая сеть. Евразия NEW,Урология,Рак Предстательной Железы (Рак Простаты)
https://bookinghealth.ru/clinics/treatment/urology/germany,Поисковая сеть. Евразия NEW,Урология,Рак Шейки Мочевого Пузыря
https://bookinghealth.ru/clinics/treatment/urology/germany,Поисковая сеть. Евразия NEW,Урология,Рак Яичка
https://bookinghealth.ru/clinics/treatment/urology/germany,Поисковая сеть. Евразия NEW,Урология,Светлоклеточная Саркома Почки
https://bookinghealth.ru/clinics/treatment/urology/germany,Поисковая сеть. Евразия NEW,Урология,Семинома
https://bookinghealth.ru/clinics/treatment/urology/germany,Поисковая сеть. Евразия NEW,Урология,Сморщенная Почка
https://bookinghealth.ru/clinics/treatment/urology/germany,Поисковая сеть. Евразия NEW,Урология,Сперматоцистит
https://bookinghealth.ru/clinics/treatment/urology/germany,Поисковая сеть. Евразия NEW,Урология,Стрессовое Недержание Мочи У Женщин
https://bookinghealth.ru/clinics/treatment/urology/germany,Поисковая сеть. Евразия NEW,Урология,Стрессовое Недержание Мочи У Мужчин
https://bookinghealth.ru/clinics/treatment/urology/germany,Поисковая сеть. Евразия NEW,Урология,Сужение Мочеточника
https://bookinghealth.ru/clinics/treatment/urology/germany,Поисковая сеть. Евразия NEW,Урология,Сужение Уретры (Сужение Мочеиспускательного Канала)
https://bookinghealth.ru/clinics/treatment/urology/germany,Поисковая сеть. Евразия NEW,Урология,Травма Мочеточника
https://bookinghealth.ru/clinics/treatment/urology/germany,Поисковая сеть. Евразия NEW,Урология,Травма Предстательной Железы
https://bookinghealth.ru/clinics/treatment/urology/germany,Поисковая сеть. Евразия NEW,Урология,Феохромоцитома
https://bookinghealth.ru/clinics/treatment/urology/germany,Поисковая сеть. Евразия NEW,Урология,Фимоз
https://bookinghealth.ru/clinics/treatment/urology/germany,Поисковая сеть. Евразия NEW,Урология,Фистула Уретры
https://bookinghealth.ru/clinics/treatment/urology/germany,Поисковая сеть. Евразия NEW,Урология,Хронический Простатит
https://bookinghealth.ru/clinics/treatment/urology/germany,Поисковая сеть. Евразия NEW,Урология,Цистит
https://bookinghealth.ru/clinics/treatment/urology/germany,Поисковая сеть. Евразия NEW,Урология,Эмбриональная Карцинома Яичек
https://bookinghealth.ru/clinics/treatment/urology/germany,Поисковая сеть. Евразия NEW,Урология,Эпидидимит (Воспаление Придатка Яичка)
https://bookinghealth.ru/clinics/treatment/surgery/germany,Поисковая сеть. Евразия NEW,Хирургия,Hipec- Гипертермичесая Интраперитонеальная Химиотерапия
https://bookinghealth.ru/clinics/treatment/surgery/germany,Поисковая сеть. Евразия NEW,Хирургия,Абсцесс Печени
https://bookinghealth.ru/clinics/treatment/surgery/germany,Поисковая сеть. Евразия NEW,Хирургия,Аденома Паращитовидных Желез
https://bookinghealth.ru/clinics/treatment/surgery/germany,Поисковая сеть. Евразия NEW,Хирургия,Анальный Стеноз
https://bookinghealth.ru/clinics/treatment/surgery/germany,Поисковая сеть. Евразия NEW,Хирургия,Апендицит
https://bookinghealth.ru/clinics/treatment/surgery/germany,Поисковая сеть. Евразия NEW,Хирургия,Базедова Болезнь (Диффузный Токсический Зоб)
https://bookinghealth.ru/clinics/treatment/surgery/germany,Поисковая сеть. Евразия NEW,Хирургия,Бедренная Грыжа
https://bookinghealth.ru/clinics/treatment/surgery/germany,Поисковая сеть. Евразия NEW,Хирургия,Болезнь Крона
https://bookinghealth.ru/clinics/treatment/surgery/germany,Поисковая сеть. Евразия NEW,Хирургия,Волосатоклеточный Лейкоз
https://bookinghealth.ru/clinics/treatment/surgery/germany,Поисковая сеть. Евразия NEW,Хирургия,Воспаление Кишечника
https://bookinghealth.ru/clinics/treatment/surgery/germany,Поисковая сеть. Евразия NEW,Хирургия,Геморрой
https://bookinghealth.ru/clinics/treatment/surgery/germany,Поисковая сеть. Евразия NEW,Хирургия,Гигантоклеточная Фибробластома
https://bookinghealth.ru/clinics/treatment/surgery/germany,Поисковая сеть. Евразия NEW,Хирургия,Гиперпаратиреоидизм
https://bookinghealth.ru/clinics/treatment/surgery/germany,Поисковая сеть. Евразия NEW,Хирургия,Грыжа Пищеводного Отверстия Диафрагмы
https://bookinghealth.ru/clinics/treatment/surgery/germany,Поисковая сеть. Евразия NEW,Хирургия,Дивертикул 12-Перстной Кишки
https://bookinghealth.ru/clinics/treatment/surgery/germany,Поисковая сеть. Евразия NEW,Хирургия,Дивертикул Меккеля
https://bookinghealth.ru/clinics/treatment/surgery/germany,Поисковая сеть. Евразия NEW,Хирургия,Дивертикулит
https://bookinghealth.ru/clinics/treatment/surgery/germany,Поисковая сеть. Евразия NEW,Хирургия,Инсулинома
https://bookinghealth.ru/clinics/treatment/surgery/germany,Поисковая сеть. Евразия NEW,Хирургия,Киста Поджелудочной Железы
https://bookinghealth.ru/clinics/treatment/surgery/germany,Поисковая сеть. Евразия NEW,Хирургия,Лимфома (B-Клеточная Лимфома) Щитовидной Железы
https://bookinghealth.ru/clinics/treatment/surgery/germany,Поисковая сеть. Евразия NEW,Хирургия,Лимфома Желудка (Malt-Лимфома)
https://bookinghealth.ru/clinics/treatment/surgery/germany,Поисковая сеть. Евразия NEW,Хирургия,Метастазы В Печень
https://bookinghealth.ru/clinics/treatment/surgery/germany,Поисковая сеть. Евразия NEW,Хирургия,Недержание Кала
https://bookinghealth.ru/clinics/treatment/surgery/germany,Поисковая сеть. Евразия NEW,Хирургия,Нейробластома (Ганглионейробластома)
https://bookinghealth.ru/clinics/treatment/surgery/germany,Поисковая сеть. Евразия NEW,Хирургия,Некроз Печени
https://bookinghealth.ru/clinics/treatment/surgery/germany,Поисковая сеть. Евразия NEW,Хирургия,Остеохондрома
https://bookinghealth.ru/clinics/treatment/surgery/germany,Поисковая сеть. Евразия NEW,Хирургия,Острый Панкреатит С Панкреонекрозом
https://bookinghealth.ru/clinics/treatment/surgery/germany,Поисковая сеть. Евразия NEW,Хирургия,Парапроктит
https://bookinghealth.ru/clinics/treatment/surgery/germany,Поисковая сеть. Евразия NEW,Хирургия,Парастомальная (Колостомическая) Грыжа
https://bookinghealth.ru/clinics/treatment/surgery/germany,Поисковая сеть. Евразия NEW,Хирургия,Паховая Грыжа
https://bookinghealth.ru/clinics/treatment/surgery/germany,Поисковая сеть. Евразия NEW,Хирургия,Перианальный Абсцесс
https://bookinghealth.ru/clinics/treatment/surgery/germany,Поисковая сеть. Евразия NEW,Хирургия,Перианальный Тромбоз
https://bookinghealth.ru/clinics/treatment/surgery/germany,Поисковая сеть. Евразия NEW,Хирургия,Полипы Желудка
https://bookinghealth.ru/clinics/treatment/surgery/germany,Поисковая сеть. Евразия NEW,Хирургия,Прободная Язва Желудка
https://bookinghealth.ru/clinics/treatment/surgery/germany,Поисковая сеть. Евразия NEW,Хирургия,Псевдокиста Поджелудочной Железы
https://bookinghealth.ru/clinics/treatment/surgery/germany,Поисковая сеть. Евразия NEW,Хирургия,Пупочная Грыжа
https://bookinghealth.ru/clinics/treatment/surgery/germany,Поисковая сеть. Евразия NEW,Хирургия,Рак (Карциноид Тонкого Кишечника Со Стенозом) Тонкого Кишечника Со Стенозом
https://bookinghealth.ru/clinics/treatment/surgery/germany,Поисковая сеть. Евразия NEW,Хирургия,Рак Двенадцатиперстной Кишки
https://bookinghealth.ru/clinics/treatment/surgery/germany,Поисковая сеть. Евразия NEW,Хирургия,Рак Желудка
https://bookinghealth.ru/clinics/treatment/surgery/germany,Поисковая сеть. Евразия NEW,Хирургия,Рак Желчных Протоков (Холангиокарцинома)
https://bookinghealth.ru/clinics/treatment/surgery/germany,Поисковая сеть. Евразия NEW,Хирургия,Рак Печени
https://bookinghealth.ru/clinics/treatment/surgery/germany,Поисковая сеть. Евразия NEW,Хирургия,Рак Пищевода
https://bookinghealth.ru/clinics/treatment/surgery/germany,Поисковая сеть. Евразия NEW,Хирургия,Рак Поджелудочной Железы
https://bookinghealth.ru/clinics/treatment/surgery/germany,Поисковая сеть. Евразия NEW,Хирургия,Рак Прямой Кишки
https://bookinghealth.ru/clinics/treatment/surgery/germany,Поисковая сеть. Евразия NEW,Хирургия,Рак Толстого Кишечника
https://bookinghealth.ru/clinics/treatment/surgery/germany,Поисковая сеть. Евразия NEW,Хирургия,Рак Щитовидной Железы
https://bookinghealth.ru/clinics/treatment/surgery/germany,Поисковая сеть. Евразия NEW,Хирургия,Рак Яичника
https://bookinghealth.ru/clinics/treatment/surgery/germany,Поисковая сеть. Евразия NEW,Хирургия,Расширенные Вены Пищевода
https://bookinghealth.ru/clinics/treatment/surgery/germany,Поисковая сеть. Евразия NEW,Хирургия,Рефлюкс-Эзофагит
https://bookinghealth.ru/clinics/treatment/surgery/germany,Поисковая сеть. Евразия NEW,Хирургия,Синдром Меллори Вейса
https://bookinghealth.ru/clinics/treatment/surgery/germany,Поисковая сеть. Евразия NEW,Хирургия,Спаечная Болезнь
https://bookinghealth.ru/clinics/treatment/surgery/germany,Поисковая сеть. Евразия NEW,Хирургия,Стеноз Привратника
https://bookinghealth.ru/clinics/treatment/surgery/germany,Поисковая сеть. Евразия NEW,Хирургия,Сфероцитоз
https://bookinghealth.ru/clinics/treatment/surgery/germany,Поисковая сеть. Евразия NEW,Хирургия,Узловой Зоб
https://bookinghealth.ru/clinics/treatment/surgery/germany,Поисковая сеть. Евразия NEW,Хирургия,Фибросаркома Детей
https://bookinghealth.ru/clinics/treatment/surgery/germany,Поисковая сеть. Евразия NEW,Хирургия,Фибросаркома Детей
https://bookinghealth.ru/clinics/treatment/surgery/germany,Поисковая сеть. Евразия NEW,Хирургия,Холецистит
https://bookinghealth.ru/clinics/treatment/surgery/germany,Поисковая сеть. Евразия NEW,Хирургия,Хондробластома
https://bookinghealth.ru/clinics/treatment/surgery/germany,Поисковая сеть. Евразия NEW,Хирургия,Хордома
https://bookinghealth.ru/clinics/treatment/surgery/germany,Поисковая сеть. Евразия NEW,Хирургия,Цистоцеле И Ректоцеле
https://bookinghealth.ru/clinics/treatment/surgery/germany,Поисковая сеть. Евразия NEW,Хирургия,Энтероцеле
https://bookinghealth.ru/clinics/treatment/surgery/germany,Поисковая сеть. Евразия NEW,Хирургия,Эпигастральная Грыжа
https://bookinghealth.ru/clinics/treatment/surgery/germany,Поисковая сеть. Евразия NEW,Хирургия,Эхинококкоз Печени
https://bookinghealth.ru/clinics/treatment/surgery/germany,Поисковая сеть. Евразия NEW,Хирургия,Ювенильная Назофарингеальная Ангиофиброма
https://bookinghealth.ru/clinics/treatment/surgery/germany,Поисковая сеть. Евразия NEW,Хирургия,Язвенный Колит
https://bookinghealth.ru/clinics/treatment/obesity/germany,Поисковая сеть. Евразия NEW,Хирургия Ожирения,Избыток Веса (Ожирение В Области Живота) В Области Живота
https://bookinghealth.ru/clinics/treatment/obesity/germany,Поисковая сеть. Евразия NEW,Хирургия Ожирения,Ожирение (Избыток Веса)
https://bookinghealth.ru/clinics/treatment/neurosurgery-headless/germany,Поисковая сеть. Евразия NEW,Хирургия Позвоночника,Сколиоз
https://bookinghealth.ru/clinics/treatment/hand-surgery/germany,Поисковая сеть. Евразия NEW,Хирургия Руки,Акушерский Паралич Эрба
https://bookinghealth.ru/clinics/treatment/hand-surgery/germany,Поисковая сеть. Евразия NEW,Хирургия Руки,Детский Дигитальный Фиброматоз Кистей
https://bookinghealth.ru/clinics/treatment/hand-surgery/germany,Поисковая сеть. Евразия NEW,Хирургия Руки,Контрактура Дюпюитрена
https://bookinghealth.ru/clinics/treatment/hand-surgery/germany,Поисковая сеть. Евразия NEW,Хирургия Руки,Синдром Карпального Канала
https://bookinghealth.ru/clinics/treatment/hand-surgery/germany,Поисковая сеть. Евразия NEW,Хирургия Руки,Эпикондилит Локтевого Сустава (Локоть Теннисиста)
https://bookinghealth.ru/clinics/treatment/foot-surgery/germany,Поисковая сеть. Евразия NEW,Хирургия Стопы,Артроз Голеностопного Сустава
https://bookinghealth.ru/clinics/treatment/foot-surgery/germany,Поисковая сеть. Евразия NEW,Хирургия Стопы,Деформация Хаглунда
https://bookinghealth.ru/clinics/treatment/foot-surgery/germany,Поисковая сеть. Евразия NEW,Хирургия Стопы,Импиджмент-Синдром Голеностопного Сустава
https://bookinghealth.ru/clinics/treatment/foot-surgery/germany,Поисковая сеть. Евразия NEW,Хирургия Стопы,Косолапость У Детей
https://bookinghealth.ru/clinics/treatment/foot-surgery/germany,Поисковая сеть. Евразия NEW,Хирургия Стопы,Нестабильность Голеностопного Сустава
https://bookinghealth.ru/clinics/treatment/foot-surgery/germany,Поисковая сеть. Евразия NEW,Хирургия Стопы,Разрыв Ахиллова Сухожилия
https://bookinghealth.ru/clinics/treatment/foot-surgery/germany,Поисковая сеть. Евразия NEW,Хирургия Стопы,Растяжение И Повреждение Связок Голеностопного Сустава
https://bookinghealth.ru/clinics/treatment/foot-surgery/germany,Поисковая сеть. Евразия NEW,Хирургия Стопы,Тендинит Или Бурсит Ахиллова Сухожилия
https://bookinghealth.ru/clinics/treatment/foot-surgery/germany,Поисковая сеть. Евразия NEW,Хирургия Стопы,Халюс Вальгус (Косточки На Ногах)
https://bookinghealth.ru/clinics/treatment/oral-and-maxillofacial-surgery/germany,Поисковая сеть. Евразия NEW,Челюстно-Лицевая Хирургия,Рабдомиосаркома Орбиты
https://bookinghealth.ru/clinics/treatment/oral-and-maxillofacial-surgery/germany,Поисковая сеть. Евразия NEW,Челюстно-Лицевая Хирургия,Рак Ротовой Полости
https://bookinghealth.ru/clinics/treatment/endocrinology/germany,Поисковая сеть. Евразия NEW,Эндокринология,Адренолейкодистрофия (Болезнь Аддиссона)
https://bookinghealth.ru/clinics/treatment/endocrinology/germany,Поисковая сеть. Евразия NEW,Эндокринология,Аутоиммунный Тиреоидит (Тиреоидит Хашимото)
https://bookinghealth.ru/clinics/treatment/endocrinology/germany,Поисковая сеть. Евразия NEW,Эндокринология,Врожденные Пороки Развития Эндокринных Желез
https://bookinghealth.ru/clinics/treatment/endocrinology/germany,Поисковая сеть. Евразия NEW,Эндокринология,Гинекомастия У Мужчин
https://bookinghealth.ru/clinics/treatment/endocrinology/germany,Поисковая сеть. Евразия NEW,Эндокринология,Гипертония Вследствие Заболеваний Эндокринной Системы
https://bookinghealth.ru/clinics/treatment/endocrinology/germany,Поисковая сеть. Евразия NEW,Эндокринология,Гипертрихоз У Мужчин
https://bookinghealth.ru/clinics/treatment/endocrinology/germany,Поисковая сеть. Евразия NEW,Эндокринология,Гипогонадизм (Недостаточность Яичек У Мужчин)
https://bookinghealth.ru/clinics/treatment/endocrinology/germany,Поисковая сеть. Евразия NEW,Эндокринология,Гипотериоз
https://bookinghealth.ru/clinics/treatment/endocrinology/germany,Поисковая сеть. Евразия NEW,Эндокринология,Гипофизарный Нанизм
https://bookinghealth.ru/clinics/treatment/endocrinology/germany,Поисковая сеть. Евразия NEW,Эндокринология,Гирсутизм У Женщин
https://bookinghealth.ru/clinics/treatment/endocrinology/germany,Поисковая сеть. Евразия NEW,Эндокринология,Гормональные Нарушения У Женщин При Гирсутизме
https://bookinghealth.ru/clinics/treatment/endocrinology/germany,Поисковая сеть. Евразия NEW,Эндокринология,Гормональные Нарушения У Женщин При Менопаузе
https://bookinghealth.ru/clinics/treatment/endocrinology/germany,Поисковая сеть. Евразия NEW,Эндокринология,Гормональные Нарушения У Женщин При Половом Созревании (Предменструальный Синдром)
https://bookinghealth.ru/clinics/treatment/endocrinology/germany,Поисковая сеть. Евразия NEW,Эндокринология,Гормональные Нарушения У Женщин При Синдроме Поликистозных Яичников
https://bookinghealth.ru/clinics/treatment/endocrinology/germany,Поисковая сеть. Евразия NEW,Эндокринология,Гормональный Сбой У Мальчиков В Подростковом Возрасте
https://bookinghealth.ru/clinics/treatment/endocrinology/germany,Поисковая сеть. Евразия NEW,Эндокринология,Диабетическая Стопа
https://bookinghealth.ru/clinics/treatment/endocrinology/germany,Поисковая сеть. Евразия NEW,Эндокринология,Метаболический Синдром
https://bookinghealth.ru/clinics/treatment/endocrinology/germany,Поисковая сеть. Евразия NEW,Эндокринология,Микседема
https://bookinghealth.ru/clinics/treatment/endocrinology/germany,Поисковая сеть. Евразия NEW,Эндокринология,Нарушение Менструального Цикла
https://bookinghealth.ru/clinics/treatment/endocrinology/germany,Поисковая сеть. Евразия NEW,Эндокринология,Несахарный Диабет
https://bookinghealth.ru/clinics/treatment/endocrinology/germany,Поисковая сеть. Евразия NEW,Эндокринология,Облысение
https://bookinghealth.ru/clinics/treatment/endocrinology/germany,Поисковая сеть. Евразия NEW,Эндокринология,Остеопороз
https://bookinghealth.ru/clinics/treatment/endocrinology/germany,Поисковая сеть. Евразия NEW,Эндокринология,Сахарный Диабет Тип 1
https://bookinghealth.ru/clinics/treatment/endocrinology/germany,Поисковая сеть. Евразия NEW,Эндокринология,Сахарный Диабет Тип 2
https://bookinghealth.ru/clinics/treatment/endocrinology/germany,Поисковая сеть. Евразия NEW,Эндокринология,Синдром Золлингера — Эллисона
https://bookinghealth.ru/clinics/treatment/endocrinology/germany,Поисковая сеть. Евразия NEW,Эндокринология,Тиреотоксикоз